Fund,Year,L2_Norm,Sector,Cluster_k5,Cluster_k8
ETHSX,1999,0.1225554437377336,healthcare,3,5
ETHSX,2000,0.2430484406959577,healthcare,5,8
ETHSX,2001,0.1624948264076366,healthcare,5,7
ETHSX,2002,0.1502112531713782,healthcare,4,7
ETHSX,2003,0.1221260596591168,healthcare,3,5
ETHSX,2004,0.0960117631757028,healthcare,2,3
ETHSX,2005,0.0997233524246039,healthcare,3,4
ETHSX,2006,0.0817299013097014,healthcare,2,2
ETHSX,2007,0.0733245831939515,healthcare,1,2
ETHSX,2008,0.1313998899498742,healthcare,4,6
ETHSX,2009,0.112816977699533,healthcare,3,5
ETHSX,2010,0.0768938286662473,healthcare,1,2
ETHSX,2011,0.0691210347513446,healthcare,1,2
ETHSX,2012,0.0684780362784325,healthcare,1,2
ETHSX,2013,0.0745653713188477,healthcare,1,2
ETHSX,2014,0.0998142738821616,healthcare,3,4
ETHSX,2015,0.1101119297835457,healthcare,3,4
ETHSX,2016,0.1123772747713865,healthcare,3,5
ETHSX,2017,0.0752229064002231,healthcare,1,2
ETHSX,2018,0.0593443293117565,healthcare,1,1
ETHSX,2019,0.0804137433409749,healthcare,2,2
ETHSX,2020,0.1085424091021872,healthcare,3,4
ETHSX,2021,0.0777567866865122,healthcare,2,2
ETHSX,2022,0.0974281157973934,healthcare,2,4
ETHSX,2023,0.0845627801214578,healthcare,2,3
ETHSX,2024,0.094703671398973,healthcare,2,3
ETHSX,2025,0.1386436997155707,healthcare,4,6
FACDX,1999,0.136884762457366,healthcare,4,6
FACDX,2000,0.2196950896072317,healthcare,5,8
FACDX,2001,0.1632729057311786,healthcare,5,7
FACDX,2002,0.1510596000420186,healthcare,4,7
FACDX,2003,0.0912325439643561,healthcare,2,3
FACDX,2004,0.0825474275079252,healthcare,2,3
FACDX,2005,0.0674848901399645,healthcare,1,2
FACDX,2006,0.0658920369019579,healthcare,1,1
FACDX,2007,0.0541559098521762,healthcare,1,1
FACDX,2008,0.1173549211632559,healthcare,3,5
FACDX,2009,0.1256692936317725,healthcare,4,5
FACDX,2010,0.0707554581017245,healthcare,1,2
FACDX,2011,0.0723702895998763,healthcare,1,2
FACDX,2012,0.0674351611016071,healthcare,1,2
FACDX,2013,0.0769556412114857,healthcare,1,2
FACDX,2014,0.1153045903195935,healthcare,3,5
FACDX,2015,0.1204705197426618,healthcare,3,5
FACDX,2016,0.1246682376746176,healthcare,4,5
FACDX,2017,0.0794322529515778,healthcare,2,2
FACDX,2018,0.0780775077910888,healthcare,2,2
FACDX,2019,0.0989830007865854,healthcare,2,4
FACDX,2020,0.1358331255196695,healthcare,4,6
FACDX,2021,0.1014035101160826,healthcare,3,4
FACDX,2022,0.1309247055370526,healthcare,4,6
FACDX,2023,0.0973760813512638,healthcare,2,4
FACDX,2024,0.1028930331579213,healthcare,3,4
FACDX,2025,0.1316388728379242,healthcare,4,6
FBDIX,1999,0.1951021743434647,healthcare,5,8
FBDIX,2000,0.4800728070679591,healthcare,5,8
FBDIX,2001,0.3012258549898646,healthcare,5,8
FBDIX,2002,0.2746406997890092,healthcare,5,8
FBDIX,2003,0.1840927797192973,healthcare,5,7
FBDIX,2004,0.1560757251662437,healthcare,4,7
FBDIX,2005,0.1592182064165672,healthcare,5,7
FBDIX,2006,0.1082326432846433,healthcare,3,4
FBDIX,2007,0.096910485859381,healthcare,2,3
FBDIX,2008,0.1679951944301251,healthcare,5,7
FBDIX,2009,0.1404562152145922,healthcare,4,6
FBDIX,2010,0.105680001869008,healthcare,3,4
FBDIX,2011,0.1142700664311158,healthcare,3,5
FBDIX,2012,0.1264978494626437,healthcare,4,5
FBDIX,2013,0.1544333694877553,healthcare,4,7
FBDIX,2014,0.2150593041507868,healthcare,5,8
FBDIX,2015,0.2195519085852686,healthcare,5,8
FBDIX,2016,0.2420518340664767,healthcare,5,8
FBDIX,2017,0.1564493421308902,healthcare,5,7
FBDIX,2018,0.1601760412605777,healthcare,5,7
FBDIX,2019,0.1733423834553732,healthcare,5,7
FBDIX,2020,0.2082680009339597,healthcare,5,8
FBDIX,2021,0.1986815476963438,healthcare,5,8
FBDIX,2022,0.1959569092098274,healthcare,5,8
FBDIX,2023,0.1515081090109081,healthcare,4,7
FBDIX,2024,0.1538767731718292,healthcare,4,7
FBDIX,2025,0.2058578914594,healthcare,5,8
FSHCX,1999,0.1956025258459408,healthcare,5,8
FSHCX,2000,0.1990375055750446,healthcare,5,8
FSHCX,2001,0.1996001491391015,healthcare,5,8
FSHCX,2002,0.2731650127341949,healthcare,5,8
FSHCX,2003,0.1853627096675561,healthcare,5,7
FSHCX,2004,0.150078129696204,healthcare,4,7
FSHCX,2005,0.0875298718224027,healthcare,2,3
FSHCX,2006,0.1136406836450562,healthcare,3,5
FSHCX,2007,0.0769029317707773,healthcare,1,2
FSHCX,2008,0.2077550913560182,healthcare,5,8
FSHCX,2009,0.2148327714202667,healthcare,5,8
FSHCX,2010,0.1102855844018699,healthcare,3,4
FSHCX,2011,0.1004173907690398,healthcare,3,4
FSHCX,2012,0.1056939668425953,healthcare,3,4
FSHCX,2013,0.0738962826120323,healthcare,1,2
FSHCX,2014,0.1082214932315382,healthcare,3,4
FSHCX,2015,0.1229209275581259,healthcare,3,5
FSHCX,2016,0.1169049773314694,healthcare,3,5
FSHCX,2017,0.0905092810249746,healthcare,2,3
FSHCX,2018,0.105177367171332,healthcare,3,4
FSHCX,2019,0.1641402832422357,healthcare,5,7
FSHCX,2020,0.1919163543499252,healthcare,5,8
FSHCX,2021,0.1275345412796366,healthcare,4,6
FSHCX,2022,0.148763747033164,healthcare,4,7
FSHCX,2023,0.1403963827403584,healthcare,4,6
FSHCX,2024,0.1535585404231609,healthcare,4,7
FSHCX,2025,0.2068946477784715,healthcare,5,8
FSMEX,1999,0.1334416085414817,healthcare,4,6
FSMEX,2000,0.1894120317536428,healthcare,5,8
FSMEX,2001,0.14919298281287,healthcare,4,7
FSMEX,2002,0.1512493891253004,healthcare,4,7
FSMEX,2003,0.0825967794229639,healthcare,2,3
FSMEX,2004,0.085277082233667,healthcare,2,3
FSMEX,2005,0.0658315248514943,healthcare,1,1
FSMEX,2006,0.0782695545730024,healthcare,2,2
FSMEX,2007,0.0707560963896195,healthcare,1,2
FSMEX,2008,0.1412639763562505,healthcare,4,6
FSMEX,2009,0.1408512400672289,healthcare,4,6
FSMEX,2010,0.081861576717095,healthcare,2,2
FSMEX,2011,0.07886532337581,healthcare,2,2
FSMEX,2012,0.0700728990640861,healthcare,1,2
FSMEX,2013,0.0674331547804512,healthcare,1,2
FSMEX,2014,0.1715843590842261,healthcare,5,7
FSMEX,2015,0.0931849494827311,healthcare,2,3
FSMEX,2016,0.1177817307485284,healthcare,3,5
FSMEX,2017,0.0827836817705651,healthcare,2,3
FSMEX,2018,0.0797163338284409,healthcare,2,2
FSMEX,2019,0.1009691173293169,healthcare,3,4
FSMEX,2020,0.1435146733979141,healthcare,4,6
FSMEX,2021,0.1267883516588751,healthcare,4,5
FSMEX,2022,0.1454078271763993,healthcare,4,7
FSMEX,2023,0.1225165608595757,healthcare,3,5
FSMEX,2024,0.1147763434374688,healthcare,3,5
FSMEX,2025,0.1238224488498734,healthcare,3,5
FSPHX,1999,0.1438275740062244,healthcare,4,6
FSPHX,2000,0.2230848074620351,healthcare,5,8
FSPHX,2001,0.1653846155708402,healthcare,5,7
FSPHX,2002,0.1504550866750706,healthcare,4,7
FSPHX,2003,0.0913650064719895,healthcare,2,3
FSPHX,2004,0.0817134821236643,healthcare,2,2
FSPHX,2005,0.0673749677082946,healthcare,1,2
FSPHX,2006,0.0659592511698352,healthcare,1,1
FSPHX,2007,0.0534820970256923,healthcare,1,1
FSPHX,2008,0.1159325582466785,healthcare,3,5
FSPHX,2009,0.1243376526634966,healthcare,4,5
FSPHX,2010,0.0710282380108307,healthcare,1,2
FSPHX,2011,0.0719291328070732,healthcare,1,2
FSPHX,2012,0.0677094677399527,healthcare,1,2
FSPHX,2013,0.0765806401703957,healthcare,1,2
FSPHX,2014,0.1584050298228956,healthcare,5,7
FSPHX,2015,0.1237610147190931,healthcare,3,5
FSPHX,2016,0.1268205358844844,healthcare,4,5
FSPHX,2017,0.0808324054062099,healthcare,2,2
FSPHX,2018,0.0795816653213817,healthcare,2,2
FSPHX,2019,0.1004068521525927,healthcare,3,4
FSPHX,2020,0.1348204765315341,healthcare,4,6
FSPHX,2021,0.1023523472269407,healthcare,3,4
FSPHX,2022,0.1309328908919738,healthcare,4,6
FSPHX,2023,0.0973773576484716,healthcare,2,4
FSPHX,2024,0.1038845473809969,healthcare,3,4
FSPHX,2025,0.1305575560055643,healthcare,4,6
PHSTX,1999,0.1230834068523732,healthcare,3,5
PHSTX,2000,0.2134472793059645,healthcare,5,8
PHSTX,2001,0.1673820708626146,healthcare,5,7
PHSTX,2002,0.1334965780581988,healthcare,4,6
PHSTX,2003,0.0863749352403582,healthcare,2,3
PHSTX,2004,0.0745426972198654,healthcare,1,2
PHSTX,2005,0.0647069385301086,healthcare,1,1
PHSTX,2006,0.0597193108825271,healthcare,1,1
PHSTX,2007,0.053583183904658,healthcare,1,1
PHSTX,2008,0.1178330743952453,healthcare,3,5
PHSTX,2009,0.1104689339345594,healthcare,3,4
PHSTX,2010,0.067198134922359,healthcare,1,2
PHSTX,2011,0.067015100643735,healthcare,1,2
PHSTX,2012,0.0548053408217895,healthcare,1,1
PHSTX,2013,0.0568915161163279,healthcare,1,1
PHSTX,2014,0.0842488806507171,healthcare,2,3
PHSTX,2015,0.1063113897238933,healthcare,3,4
PHSTX,2016,0.1127151072301295,healthcare,3,5
PHSTX,2017,0.0684569084155315,healthcare,1,2
PHSTX,2018,0.064403788825818,healthcare,1,1
PHSTX,2019,0.0848412774957332,healthcare,2,3
PHSTX,2020,0.11236881043371,healthcare,3,5
PHSTX,2021,0.0788231027793046,healthcare,2,2
PHSTX,2022,0.0980542439697568,healthcare,2,4
PHSTX,2023,0.0902089832043289,healthcare,2,3
PHSTX,2024,0.0904403454617822,healthcare,2,3
PHSTX,2025,0.1385515176684205,healthcare,4,6
PRHSX,1999,0.1337998710359764,healthcare,4,6
PRHSX,2000,0.2993815699828575,healthcare,5,8
PRHSX,2001,0.2108403437749744,healthcare,5,8
PRHSX,2002,0.1795508541981079,healthcare,5,7
PRHSX,2003,0.1188359452709158,healthcare,3,5
PRHSX,2004,0.1063966732991158,healthcare,3,4
PRHSX,2005,0.1005381520204226,healthcare,3,4
PRHSX,2006,0.0814843371904837,healthcare,2,2
PRHSX,2007,0.0569176422435647,healthcare,1,1
PRHSX,2008,0.1410592165971979,healthcare,4,6
PRHSX,2009,0.1207643435208581,healthcare,3,5
PRHSX,2010,0.0807081390771666,healthcare,2,2
PRHSX,2011,0.0900789559181104,healthcare,2,3
PRHSX,2012,0.0845862775841221,healthcare,2,3
PRHSX,2013,0.0856876008678405,healthcare,2,3
PRHSX,2014,0.1149890984273287,healthcare,3,5
PRHSX,2015,0.1269715805736926,healthcare,4,5
PRHSX,2016,0.1301635304140917,healthcare,4,6
PRHSX,2017,0.0920117515817709,healthcare,2,3
PRHSX,2018,0.0866357605764573,healthcare,2,3
PRHSX,2019,0.1050268563839823,healthcare,3,4
PRHSX,2020,0.1357239174907415,healthcare,4,6
PRHSX,2021,0.1191060643779365,healthcare,3,5
PRHSX,2022,0.1150981542908841,healthcare,3,5
PRHSX,2023,0.0892386205496946,healthcare,2,3
PRHSX,2024,0.099652645678223,healthcare,3,4
PRHSX,2025,0.1328608900195216,healthcare,4,6
SPY,1999,7.295920722536886e-06,healthcare,1,1
SPY,2000,7.919289927774363e-06,healthcare,1,1
SPY,2001,7.122641856693431e-06,healthcare,1,1
SPY,2002,8.58067931814203e-06,healthcare,1,1
SPY,2003,8.64934192944911e-06,healthcare,1,1
SPY,2004,7.650076521510294e-06,healthcare,1,1
SPY,2005,6.157244905375693e-06,healthcare,1,1
SPY,2006,5.838773460298096e-06,healthcare,1,1
SPY,2007,6.776067706460308e-06,healthcare,1,1
SPY,2008,6.183331002242675e-06,healthcare,1,1
SPY,2009,6.491415219928968e-06,healthcare,1,1
SPY,2010,5.430407568406071e-06,healthcare,1,1
SPY,2011,4.790213669406377e-06,healthcare,1,1
SPY,2012,5.544198958431018e-06,healthcare,1,1
SPY,2013,6.24315814547322e-06,healthcare,1,1
SPY,2014,5.343786278397521e-06,healthcare,1,1
SPY,2015,4.824160114454516e-06,healthcare,1,1
SPY,2016,4.808953814569827e-06,healthcare,1,1
SPY,2017,3.4974083905991817e-06,healthcare,1,1
SPY,2018,4.696512670229357e-06,healthcare,1,1
SPY,2019,4.484753849945574e-06,healthcare,1,1
SPY,2020,4.466574530142402e-06,healthcare,1,1
SPY,2021,3.128869266939762e-06,healthcare,1,1
SPY,2022,2.5187519170785e-06,healthcare,1,1
SPY,2023,2.142930654048192e-06,healthcare,1,1
SPY,2024,2.340284104344108e-06,healthcare,1,1
SPY,2025,1.529883074361443e-06,healthcare,1,1
VGHCX,1999,0.0988535407899483,healthcare,2,4
VGHCX,2000,0.1567303827903938,healthcare,5,7
VGHCX,2001,0.1214399357456535,healthcare,3,5
VGHCX,2002,0.1103687875983567,healthcare,3,4
VGHCX,2003,0.0795817332581922,healthcare,2,2
VGHCX,2004,0.0596665067509889,healthcare,1,1
VGHCX,2005,0.0537062941714091,healthcare,1,1
VGHCX,2006,0.0578352076172307,healthcare,1,1
VGHCX,2007,0.0521789010393876,healthcare,1,1
VGHCX,2008,0.1148402238921667,healthcare,3,5
VGHCX,2009,0.1135115968397695,healthcare,3,5
VGHCX,2010,0.0588017908071654,healthcare,1,1
VGHCX,2011,0.0540446366644276,healthcare,1,1
VGHCX,2012,0.0452705437113474,healthcare,1,1
VGHCX,2013,0.04755873304446,healthcare,1,1
VGHCX,2014,0.0690745080443111,healthcare,1,2
VGHCX,2015,0.0889489414974006,healthcare,2,3
VGHCX,2016,0.0983254495514492,healthcare,2,4
VGHCX,2017,0.0723611487141772,healthcare,1,2
VGHCX,2018,0.0645240425275655,healthcare,1,1
VGHCX,2019,0.0819298616586565,healthcare,2,2
VGHCX,2020,0.1078095482766434,healthcare,3,4
VGHCX,2021,0.0820602188020097,healthcare,2,2
VGHCX,2022,0.1045967743990711,healthcare,3,4
VGHCX,2023,0.0854889050456116,healthcare,2,3
VGHCX,2024,0.0924564046078326,healthcare,2,3
VGHCX,2025,0.1413508800723898,healthcare,4,6
FNARX,1999,0.2341191500028861,energy,5,8
FNARX,2000,0.2405332735119469,energy,5,8
FNARX,2001,0.1963514160346216,energy,5,8
FNARX,2002,0.1642511886997376,energy,5,7
FNARX,2003,0.1253289436998575,energy,4,5
FNARX,2004,0.1417465512176923,energy,4,6
FNARX,2005,0.1913169186632846,energy,5,8
FNARX,2006,0.2105130652705996,energy,5,8
FNARX,2007,0.1435219082210025,energy,4,6
FNARX,2008,0.414424375394598,energy,5,8
FNARX,2009,0.222024115171947,energy,5,8
FNARX,2010,0.110760431241264,energy,3,4
FNARX,2011,0.1440068817272196,energy,4,7
FNARX,2012,0.1022186416297722,energy,3,4
FNARX,2013,0.1021742630343135,energy,3,4
FNARX,2014,0.1653670423152793,energy,5,7
FNARX,2015,0.196070225044749,energy,5,8
FNARX,2016,0.2236246303814223,energy,5,8
FNARX,2017,0.1572115688322028,energy,5,7
FNARX,2018,0.1466390211122133,energy,4,7
FNARX,2019,0.129234613339071,energy,4,6
FNARX,2020,0.2812587849600179,energy,5,8
FNARX,2021,0.2167469931702861,energy,5,8
FNARX,2022,0.3052841121394939,energy,5,8
FNARX,2023,0.1983972696187386,energy,5,8
FNARX,2024,0.1556070772798165,energy,4,7
FNARX,2025,0.1469741779066676,energy,4,7
FSENX,1999,0.2377483902579948,energy,5,8
FSENX,2000,0.2655004942876426,energy,5,8
FSENX,2001,0.233850369391292,energy,5,8
FSENX,2002,0.1835258794644358,energy,5,7
FSENX,2003,0.1451537802276784,energy,4,7
FSENX,2004,0.1569763055350584,energy,5,7
FSENX,2005,0.2006953239392702,energy,5,8
FSENX,2006,0.2207569812389921,energy,5,8
FSENX,2007,0.1519236699703472,energy,4,7
FSENX,2008,0.4054314932672783,energy,5,8
FSENX,2009,0.2222719811420404,energy,5,8
FSENX,2010,0.1141116367584493,energy,3,5
FSENX,2011,0.1347342481198405,energy,4,6
FSENX,2012,0.0971969798428381,energy,2,4
FSENX,2013,0.0905944124999965,energy,2,3
FSENX,2014,0.1534939805498845,energy,4,7
FSENX,2015,0.1950253539369711,energy,5,8
FSENX,2016,0.2320383111859265,energy,5,8
FSENX,2017,0.1676273885298863,energy,5,7
FSENX,2018,0.1747296324055113,energy,5,7
FSENX,2019,0.167324654091732,energy,5,7
FSENX,2020,0.378419586183312,energy,5,8
FSENX,2021,0.2694958034928459,energy,5,8
FSENX,2022,0.3341174911692829,energy,5,8
FSENX,2023,0.222466209043992,energy,5,8
FSENX,2024,0.1735694915141291,energy,5,7
FSENX,2025,0.1860627391912009,energy,5,7
ICPAX,1999,0.1759487254600828,energy,5,7
ICPAX,2000,0.3356885358500137,energy,5,8
ICPAX,2001,0.1305477710531052,energy,4,6
ICPAX,2002,0.1123894440223218,energy,3,5
ICPAX,2003,0.0913435130258772,energy,2,3
ICPAX,2004,0.0817787069264901,energy,2,2
ICPAX,2005,0.0769534046429807,energy,1,2
ICPAX,2006,0.0816786313545286,energy,2,2
ICPAX,2007,0.0739269846940197,energy,1,2
ICPAX,2008,0.1642505232216159,energy,5,7
ICPAX,2009,0.1011247652087904,energy,3,4
ICPAX,2010,0.1046874808279938,energy,3,4
ICPAX,2011,0.1819166043591601,energy,5,7
ICPAX,2012,0.1245159591429274,energy,4,5
ICPAX,2013,0.0942998355588498,energy,2,3
ICPAX,2014,0.1415491363973448,energy,4,6
ICPAX,2015,0.1950883189440895,energy,5,8
ICPAX,2016,0.2131571942288419,energy,5,8
ICPAX,2017,0.172041590931543,energy,5,7
ICPAX,2018,0.1763003621325146,energy,5,7
ICPAX,2019,0.1668053145023841,energy,5,7
ICPAX,2020,0.3316150802669708,energy,5,8
ICPAX,2021,0.2239122043032965,energy,5,8
ICPAX,2022,0.2754708575638938,energy,5,8
ICPAX,2023,0.2022176159622928,energy,5,8
ICPAX,2024,0.1455972304765136,energy,4,7
ICPAX,2025,0.1521719700134746,energy,4,7
PRNEX,1999,0.1593564382431574,energy,5,7
PRNEX,2000,0.190587691788055,energy,5,8
PRNEX,2001,0.1728835826888876,energy,5,7
PRNEX,2002,0.1297913435182238,energy,4,6
PRNEX,2003,0.098594039228848,energy,2,4
PRNEX,2004,0.1235858899776951,energy,3,5
PRNEX,2005,0.1327591411907375,energy,4,6
PRNEX,2006,0.1654901429917022,energy,5,7
PRNEX,2007,0.118029345702447,energy,3,5
PRNEX,2008,0.3156319992893018,energy,5,8
PRNEX,2009,0.1709098197081613,energy,5,7
PRNEX,2010,0.0984887933164552,energy,2,4
PRNEX,2011,0.1135621926003593,energy,3,5
PRNEX,2012,0.0857467758289474,energy,2,3
PRNEX,2013,0.0747924885223752,energy,1,2
PRNEX,2014,0.1140774705464242,energy,3,5
PRNEX,2015,0.1392536835779678,energy,4,6
PRNEX,2016,0.1255432592679036,energy,4,5
PRNEX,2017,0.0827358872774115,energy,2,3
PRNEX,2018,0.0968488573952998,energy,2,3
PRNEX,2019,0.0813342970379676,energy,2,2
PRNEX,2020,0.1657248978506877,energy,5,7
PRNEX,2021,0.1154807138765041,energy,3,5
PRNEX,2022,0.1617360958315527,energy,5,7
PRNEX,2023,0.1373632199612553,energy,4,6
PRNEX,2024,0.1180841909324441,energy,3,5
PRNEX,2025,0.1175070462067047,energy,3,5
RYEIX,1999,0.2361322854922538,energy,5,8
RYEIX,2000,0.2867810502102282,energy,5,8
RYEIX,2001,0.2319562214404844,energy,5,8
RYEIX,2002,0.1808577657740003,energy,5,7
RYEIX,2003,0.1416455370352823,energy,4,6
RYEIX,2004,0.1655896546650891,energy,5,7
RYEIX,2005,0.1978992972184696,energy,5,8
RYEIX,2006,0.2067394876551663,energy,5,8
RYEIX,2007,0.1416702075376714,energy,4,6
RYEIX,2008,0.3630294807909376,energy,5,8
RYEIX,2009,0.1816162825220803,energy,5,7
RYEIX,2010,0.104866350705085,energy,3,4
RYEIX,2011,0.1387541113654919,energy,4,6
RYEIX,2012,0.1056653264031436,energy,3,4
RYEIX,2013,0.088536129243536,energy,2,3
RYEIX,2014,0.1678391517787413,energy,5,7
RYEIX,2015,0.2323241803424838,energy,5,8
RYEIX,2016,0.2409265098722679,energy,5,8
RYEIX,2017,0.1739544995917721,energy,5,7
RYEIX,2018,0.175512462605407,energy,5,7
RYEIX,2019,0.1704671857456307,energy,5,7
RYEIX,2020,0.4217074727928142,energy,5,8
RYEIX,2021,0.2777312331071899,energy,5,8
RYEIX,2022,0.2967376974735504,energy,5,8
RYEIX,2023,0.2000525740380617,energy,5,8
RYEIX,2024,0.1621945645759325,energy,5,7
RYEIX,2025,0.1815259257058768,energy,5,7
SPY,1999,7.295920722536886e-06,energy,1,1
SPY,2000,7.919289927774363e-06,energy,1,1
SPY,2001,7.122641856693431e-06,energy,1,1
SPY,2002,8.58067931814203e-06,energy,1,1
SPY,2003,8.64934192944911e-06,energy,1,1
SPY,2004,7.650076521510294e-06,energy,1,1
SPY,2005,6.157244905375693e-06,energy,1,1
SPY,2006,5.838773460298096e-06,energy,1,1
SPY,2007,6.776067706460308e-06,energy,1,1
SPY,2008,6.183331002242675e-06,energy,1,1
SPY,2009,6.491415219928968e-06,energy,1,1
SPY,2010,5.430407568406071e-06,energy,1,1
SPY,2011,4.790213669406377e-06,energy,1,1
SPY,2012,5.544198958431018e-06,energy,1,1
SPY,2013,6.24315814547322e-06,energy,1,1
SPY,2014,5.343786278397521e-06,energy,1,1
SPY,2015,4.824160114454516e-06,energy,1,1
SPY,2016,4.808953814569827e-06,energy,1,1
SPY,2017,3.4974083905991817e-06,energy,1,1
SPY,2018,4.696512670229357e-06,energy,1,1
SPY,2019,4.484753849945574e-06,energy,1,1
SPY,2020,4.466574530142402e-06,energy,1,1
SPY,2021,3.128869266939762e-06,energy,1,1
SPY,2022,2.5187519170785e-06,energy,1,1
SPY,2023,2.142930654048192e-06,energy,1,1
SPY,2024,2.340284104344108e-06,energy,1,1
SPY,2025,1.529883074361443e-06,energy,1,1
VGENX,1999,0.2208110790749801,energy,5,8
VGENX,2000,0.2563775362257026,energy,5,8
VGENX,2001,0.2300283194584362,energy,5,8
VGENX,2002,0.1616899105786792,energy,5,7
VGENX,2003,0.1088580993223595,energy,3,4
VGENX,2004,0.1351774657918926,energy,4,6
VGENX,2005,0.1720937302385418,energy,5,7
VGENX,2006,0.1832624890835242,energy,5,7
VGENX,2007,0.1292099278349677,energy,4,6
VGENX,2008,0.3122010878448524,energy,5,8
VGENX,2009,0.1638619812646632,energy,5,7
VGENX,2010,0.090384574518239,energy,2,3
VGENX,2011,0.1108598839795796,energy,3,4
VGENX,2012,0.0893998981497045,energy,2,3
VGENX,2013,0.071741395272136,energy,1,2
VGENX,2014,0.1316050877493441,energy,4,6
VGENX,2015,0.1821008615712985,energy,5,7
VGENX,2016,0.1786339708353377,energy,5,7
VGENX,2017,0.1164869747644595,energy,3,5
VGENX,2018,0.1379719334569904,energy,4,6
VGENX,2019,0.1207161262774982,energy,3,5
VGENX,2020,0.2580738621911214,energy,5,8
VGENX,2021,0.1299377774839783,energy,4,6
VGENX,2022,0.1869596493481182,energy,5,7
VGENX,2023,0.1386341134602598,energy,4,6
VGENX,2024,0.1090696847296249,energy,3,4
VGENX,2025,0.1163692206356959,energy,3,5
FDCPX,1999,0.2064667578555939,technology,5,8
FDCPX,2000,0.3748299928712038,technology,5,8
FDCPX,2001,0.3508955590338967,technology,5,8
FDCPX,2002,0.2306976229292564,technology,5,8
FDCPX,2003,0.1563342924815823,technology,5,7
FDCPX,2004,0.1683327702064192,technology,5,7
FDCPX,2005,0.109306245841058,technology,3,4
FDCPX,2006,0.1043884426556512,technology,3,4
FDCPX,2007,0.1259859005048433,technology,4,5
FDCPX,2008,0.1866033096316523,technology,5,7
FDCPX,2009,0.1357117993148504,technology,4,6
FDCPX,2010,0.0998575500944087,technology,3,4
FDCPX,2011,0.1049629887475716,technology,3,4
FDCPX,2012,0.0942784306101485,technology,2,3
FDCPX,2013,0.0950923948066271,technology,2,3
FDCPX,2014,0.0874493078571559,technology,2,3
FDCPX,2015,0.0876571873690289,technology,2,3
FDCPX,2016,0.0897190815311152,technology,2,3
FDCPX,2017,0.081050603656547,technology,2,2
FDCPX,2018,0.0852974989636284,technology,2,3
FDCPX,2019,0.084725127891142,technology,2,3
FDCPX,2020,0.1055005378119886,technology,3,4
FDCPX,2021,0.0968201235110208,technology,2,3
FDCPX,2022,0.0819610355661843,technology,2,2
FDCPX,2023,0.085942466335265,technology,2,3
FDCPX,2024,0.084687269005083,technology,2,3
FDCPX,2025,0.1087588213006823,technology,3,4
FSCSX,1999,0.240267915634831,technology,5,8
FSCSX,2000,0.3585914186059822,technology,5,8
FSCSX,2001,0.3005087812132196,technology,5,8
FSCSX,2002,0.1907561277195965,technology,5,8
FSCSX,2003,0.1287090403412801,technology,4,6
FSCSX,2004,0.1160682949577181,technology,3,5
FSCSX,2005,0.1007419100076192,technology,3,4
FSCSX,2006,0.0885726808874274,technology,2,3
FSCSX,2007,0.0967798556958536,technology,2,3
FSCSX,2008,0.1598475648665249,technology,5,7
FSCSX,2009,0.1086732013625352,technology,3,4
FSCSX,2010,0.0757184694589589,technology,1,2
FSCSX,2011,0.0847114884757882,technology,2,3
FSCSX,2012,0.0693284351531218,technology,1,2
FSCSX,2013,0.0709714119434404,technology,1,2
FSCSX,2014,0.1378870784278952,technology,4,6
FSCSX,2015,0.0712173809296496,technology,1,2
FSCSX,2016,0.0881559726117744,technology,2,3
FSCSX,2017,0.0730474314655616,technology,1,2
FSCSX,2018,0.0984383036868354,technology,2,4
FSCSX,2019,0.0697361240174061,technology,1,2
FSCSX,2020,0.1289982830132185,technology,4,6
FSCSX,2021,0.0904176589407901,technology,2,3
FSCSX,2022,0.110386523406675,technology,3,4
FSCSX,2023,0.0945344575484678,technology,2,3
FSCSX,2024,0.107484894920991,technology,3,4
FSCSX,2025,0.1216698742849776,technology,3,5
FSELX,1999,0.2809253979569567,technology,5,8
FSELX,2000,0.4153313385640521,technology,5,8
FSELX,2001,0.3982756874953256,technology,5,8
FSELX,2002,0.321392050928378,technology,5,8
FSELX,2003,0.1968139231151756,technology,5,8
FSELX,2004,0.2129273363779072,technology,5,8
FSELX,2005,0.1291458918949207,technology,4,6
FSELX,2006,0.1408107285589436,technology,4,6
FSELX,2007,0.1239724461328183,technology,4,5
FSELX,2008,0.216380870472692,technology,5,8
FSELX,2009,0.1908150845711348,technology,5,8
FSELX,2010,0.1401471107000383,technology,4,6
FSELX,2011,0.1730604335612378,technology,5,7
FSELX,2012,0.1404579072306565,technology,4,6
FSELX,2013,0.1050340403102422,technology,3,4
FSELX,2014,0.1079391466648706,technology,3,4
FSELX,2015,0.1338823293557927,technology,4,6
FSELX,2016,0.1288275349976377,technology,4,6
FSELX,2017,0.1028396699330391,technology,3,4
FSELX,2018,0.1578027116103177,technology,5,7
FSELX,2019,0.1622459042500995,technology,5,7
FSELX,2020,0.2068068649998231,technology,5,8
FSELX,2021,0.2102193511456598,technology,5,8
FSELX,2022,0.2254433247738595,technology,5,8
FSELX,2023,0.2211776695570406,technology,5,8
FSELX,2024,0.2209378816031714,technology,5,8
FSELX,2025,0.2179659939529073,technology,5,8
FSPTX,1999,0.2177994276099715,technology,5,8
FSPTX,2000,0.4027802128137027,technology,5,8
FSPTX,2001,0.316981459856796,technology,5,8
FSPTX,2002,0.2242362704436715,technology,5,8
FSPTX,2003,0.1425533828467664,technology,4,6
FSPTX,2004,0.1527412016817238,technology,4,7
FSPTX,2005,0.0874616517573338,technology,2,3
FSPTX,2006,0.0910401385962543,technology,2,3
FSPTX,2007,0.1129589053199379,technology,3,5
FSPTX,2008,0.1803495236885811,technology,5,7
FSPTX,2009,0.1175572715894954,technology,3,5
FSPTX,2010,0.0787774499021792,technology,2,2
FSPTX,2011,0.1058218415732279,technology,3,4
FSPTX,2012,0.0825335856642926,technology,2,3
FSPTX,2013,0.0712585482487062,technology,1,2
FSPTX,2014,0.0795964964970381,technology,2,2
FSPTX,2015,0.0733954482209216,technology,1,2
FSPTX,2016,0.0799366928559527,technology,2,2
FSPTX,2017,0.0845571618006517,technology,2,3
FSPTX,2018,0.1017855151147509,technology,3,4
FSPTX,2019,0.0704801007433791,technology,1,2
FSPTX,2020,0.135886357381793,technology,4,6
FSPTX,2021,0.1109686749381397,technology,3,4
FSPTX,2022,0.1144692729899675,technology,3,5
FSPTX,2023,0.106816169902569,technology,3,4
FSPTX,2024,0.1104002272694429,technology,3,4
FSPTX,2025,0.119189651773286,technology,3,5
ICTEX,1999,0.2212233047165223,technology,5,8
ICTEX,2000,0.2385347295861388,technology,5,8
ICTEX,2001,0.2520369232631764,technology,5,8
ICTEX,2002,0.1901760346247573,technology,5,8
ICTEX,2003,0.1976984257051492,technology,5,8
ICTEX,2004,0.1400782987678273,technology,4,6
ICTEX,2005,0.0782475512601663,technology,2,2
ICTEX,2006,0.0863240382174136,technology,2,3
ICTEX,2007,0.0982388411360257,technology,2,4
ICTEX,2008,0.1481305678778629,technology,4,7
ICTEX,2009,0.1063268812804877,technology,3,4
ICTEX,2010,0.0657253008483406,technology,1,1
ICTEX,2011,0.0735329186089733,technology,1,2
ICTEX,2012,0.0674599125635238,technology,1,2
ICTEX,2013,0.0728604688195365,technology,1,2
ICTEX,2014,0.0640779937236829,technology,1,1
ICTEX,2015,0.0709331436926558,technology,1,2
ICTEX,2016,0.0782394070268806,technology,2,2
ICTEX,2017,0.0856525283980331,technology,2,3
ICTEX,2018,0.0888742572075095,technology,2,3
ICTEX,2019,0.0632235785314189,technology,1,1
ICTEX,2020,0.142698767155283,technology,4,6
ICTEX,2021,0.0796828564956514,technology,2,2
ICTEX,2022,0.0992489338086991,technology,2,4
ICTEX,2023,0.0684314854730976,technology,1,2
ICTEX,2024,0.0733823580861103,technology,1,2
ICTEX,2025,0.0965100823287053,technology,2,3
KTCAX,1999,0.1987933778111472,technology,5,8
KTCAX,2000,0.3592658233546326,technology,5,8
KTCAX,2001,0.2771003835237555,technology,5,8
KTCAX,2002,0.2177030475967985,technology,5,8
KTCAX,2003,0.137103042627068,technology,4,6
KTCAX,2004,0.130167232997128,technology,4,6
KTCAX,2005,0.081228866178368,technology,2,2
KTCAX,2006,0.093065711688315,technology,2,3
KTCAX,2007,0.0938945135770811,technology,2,3
KTCAX,2008,0.1546991332545617,technology,4,7
KTCAX,2009,0.1034744555332514,technology,3,4
KTCAX,2010,0.0760269352768541,technology,1,2
KTCAX,2011,0.0969424410680908,technology,2,3
KTCAX,2012,0.0821906770170735,technology,2,2
KTCAX,2013,0.067961111671262,technology,1,2
KTCAX,2014,0.0695745332144712,technology,1,2
KTCAX,2015,0.062455031034172,technology,1,1
KTCAX,2016,0.0734072727091111,technology,1,2
KTCAX,2017,0.0736420269986413,technology,1,2
KTCAX,2018,0.0960679423610687,technology,2,3
KTCAX,2019,0.0661218323896167,technology,1,1
KTCAX,2020,0.1293845671532986,technology,4,6
KTCAX,2021,0.1050581147802202,technology,3,4
KTCAX,2022,0.1128798120986383,technology,3,5
KTCAX,2023,0.0911550980714427,technology,2,3
KTCAX,2024,0.0828396330061489,technology,2,3
KTCAX,2025,0.0972061574552033,technology,2,4
MTCAX,1999,0.25535999937406,technology,5,8
MTCAX,2000,0.3693320835289355,technology,5,8
MTCAX,2001,0.3772683718955498,technology,5,8
MTCAX,2002,0.2572662320134083,technology,5,8
MTCAX,2003,0.1321243282966671,technology,4,6
MTCAX,2004,0.1299747523946801,technology,4,6
MTCAX,2005,0.0910817322388709,technology,2,3
MTCAX,2006,0.102260762156947,technology,3,4
MTCAX,2007,0.082720431494461,technology,2,3
MTCAX,2008,0.1734120565813812,technology,5,7
MTCAX,2009,0.1203754503677931,technology,3,5
MTCAX,2010,0.0779265254927576,technology,2,2
MTCAX,2011,0.0978178341539344,technology,2,4
MTCAX,2012,0.0758043695176826,technology,1,2
MTCAX,2013,0.0677386262365298,technology,1,2
MTCAX,2014,0.0617299257229313,technology,1,1
MTCAX,2015,0.0586698802272183,technology,1,1
MTCAX,2016,0.0817732635330222,technology,2,2
MTCAX,2017,0.0748865619628954,technology,1,2
MTCAX,2018,0.1034063853220618,technology,3,4
MTCAX,2019,0.0716583089521344,technology,1,2
MTCAX,2020,0.1389348551537318,technology,4,6
MTCAX,2021,0.1129684699146174,technology,3,5
MTCAX,2022,0.1044412068100867,technology,3,4
MTCAX,2023,0.0889938632111313,technology,2,3
MTCAX,2024,0.0888544773293295,technology,2,3
MTCAX,2025,0.0912944030885849,technology,2,3
ROGSX,1999,0.2377518129723684,technology,5,8
ROGSX,2000,0.5159441874088958,technology,5,8
ROGSX,2001,0.5542721025888673,technology,5,8
ROGSX,2002,0.3816036430093238,technology,5,8
ROGSX,2003,0.1799706879941442,technology,5,7
ROGSX,2004,0.1411812091252392,technology,4,6
ROGSX,2005,0.1023253567487586,technology,3,4
ROGSX,2006,0.1120396795503596,technology,3,5
ROGSX,2007,0.0965174038477619,technology,2,3
ROGSX,2008,0.1888448251712486,technology,5,7
ROGSX,2009,0.1460756527068619,technology,4,7
ROGSX,2010,0.0827685802253097,technology,2,3
ROGSX,2011,0.0845070933815958,technology,2,3
ROGSX,2012,0.0703772315947751,technology,1,2
ROGSX,2013,0.0580396194459687,technology,1,1
ROGSX,2014,0.0531492118665798,technology,1,1
ROGSX,2015,0.0559205668218595,technology,1,1
ROGSX,2016,0.0645747401658663,technology,1,1
ROGSX,2017,0.060712254119832,technology,1,1
ROGSX,2018,0.0725312939793412,technology,1,2
ROGSX,2019,0.0590027483269235,technology,1,1
ROGSX,2020,0.1099360581159852,technology,3,4
ROGSX,2021,0.0771562519615177,technology,1,2
ROGSX,2022,0.0822145561454616,technology,2,3
ROGSX,2023,0.0764894853604402,technology,1,2
ROGSX,2024,0.0778205305409003,technology,2,2
ROGSX,2025,0.093030247322336,technology,2,3
RSIFX,1999,0.2542393476547758,technology,5,8
RSIFX,2000,0.3342433911470519,technology,5,8
RSIFX,2001,0.2493460479497745,technology,5,8
RSIFX,2002,0.3132580118729649,technology,5,8
RSIFX,2003,0.1952628967671458,technology,5,8
RSIFX,2004,0.199075702010686,technology,5,8
RSIFX,2005,0.1199631681196159,technology,3,5
RSIFX,2006,0.115885232283599,technology,3,5
RSIFX,2007,0.1183963080037138,technology,3,5
RSIFX,2008,0.1911585284892007,technology,5,8
RSIFX,2009,0.1206660042305061,technology,3,5
RSIFX,2010,0.1033390323638958,technology,3,4
RSIFX,2011,0.1291908514236162,technology,4,6
RSIFX,2012,0.1024607569409702,technology,3,4
RSIFX,2013,0.100653365286099,technology,3,4
RSIFX,2014,0.1214420655839921,technology,3,5
RSIFX,2015,0.0945681546445791,technology,2,3
RSIFX,2016,0.1319195101221513,technology,4,6
RSIFX,2017,0.120134040783405,technology,3,5
RSIFX,2018,0.1524122871751603,technology,4,7
RSIFX,2019,0.115921404902785,technology,3,5
RSIFX,2020,0.1827849868360668,technology,5,7
RSIFX,2021,0.2017855998898855,technology,5,8
RSIFX,2022,0.188730554176896,technology,5,7
RSIFX,2023,0.1136965267717437,technology,3,5
RSIFX,2024,0.1056798666729533,technology,3,4
RSIFX,2025,0.12373005587924,technology,3,5
SHGTX,1999,0.1569420713566396,technology,5,7
SHGTX,2000,0.3093162241122815,technology,5,8
SHGTX,2001,0.2195466314027049,technology,5,8
SHGTX,2002,0.1636111749070666,technology,5,7
SHGTX,2003,0.1193244833721781,technology,3,5
SHGTX,2004,0.1031066334460403,technology,3,4
SHGTX,2005,0.0792397345627624,technology,2,2
SHGTX,2006,0.0843911089753317,technology,2,3
SHGTX,2007,0.0815289986114713,technology,2,2
SHGTX,2008,0.1486538581401788,technology,4,7
SHGTX,2009,0.0957933064496161,technology,2,3
SHGTX,2010,0.0646056603814028,technology,1,1
SHGTX,2011,0.0808119330574823,technology,2,2
SHGTX,2012,0.0776371129090531,technology,2,2
SHGTX,2013,0.0646859010886074,technology,1,1
SHGTX,2014,0.0786637707707706,technology,2,2
SHGTX,2015,0.099631956663033,technology,3,4
SHGTX,2016,0.1043111743079279,technology,3,4
SHGTX,2017,0.1014947322001761,technology,3,4
SHGTX,2018,0.1072530299164494,technology,3,4
SHGTX,2019,0.0985900189851507,technology,2,4
SHGTX,2020,0.1320797747349266,technology,4,6
SHGTX,2021,0.1192268257352661,technology,3,5
SHGTX,2022,0.115113443388459,technology,3,5
SHGTX,2023,0.0969524684516754,technology,2,3
SHGTX,2024,0.0839419468511083,technology,2,3
SHGTX,2025,0.1295630984443385,technology,4,6
SLMCX,1999,0.1645360450568939,technology,5,7
SLMCX,2000,0.3352799512645775,technology,5,8
SLMCX,2001,0.2607313038358285,technology,5,8
SLMCX,2002,0.1841973853705099,technology,5,7
SLMCX,2003,0.110952492541788,technology,3,4
SLMCX,2004,0.1078709407219205,technology,3,4
SLMCX,2005,0.0825716038383901,technology,2,3
SLMCX,2006,0.0887705417895587,technology,2,3
SLMCX,2007,0.6308270177855894,technology,5,8
SLMCX,2008,0.1552795401459583,technology,4,7
SLMCX,2009,0.0995823666664901,technology,3,4
SLMCX,2010,0.0720131896107646,technology,1,2
SLMCX,2011,0.0861178440329503,technology,2,3
SLMCX,2012,0.0816532619765159,technology,2,2
SLMCX,2013,0.0725758493112719,technology,1,2
SLMCX,2014,0.0831651381256416,technology,2,3
SLMCX,2015,0.0989338067785188,technology,2,4
SLMCX,2016,0.1042276970562213,technology,3,4
SLMCX,2017,0.1024770165366429,technology,3,4
SLMCX,2018,0.1062316956153013,technology,3,4
SLMCX,2019,0.0964835134075114,technology,2,3
SLMCX,2020,0.1291960569132798,technology,4,6
SLMCX,2021,0.1172228856580092,technology,3,5
SLMCX,2022,0.1138343451213758,technology,3,5
SLMCX,2023,0.0959811098436076,technology,2,3
SLMCX,2024,0.0806534648592642,technology,2,2
SLMCX,2025,0.1311919247471884,technology,4,6
BULIX,1999,0.1012714598384577,utilities,3,4
BULIX,2000,0.1487025321201728,utilities,4,7
BULIX,2001,0.1418551579351147,utilities,4,6
BULIX,2002,0.1586543452570427,utilities,5,7
BULIX,2003,0.0796670982510288,utilities,2,2
BULIX,2004,0.0688856857628072,utilities,1,2
BULIX,2005,0.0767174918081873,utilities,1,2
BULIX,2006,0.0576686607477218,utilities,1,1
BULIX,2007,0.079835969206854,utilities,2,2
BULIX,2008,0.1400746359771169,utilities,4,6
BULIX,2009,0.1052080842722605,utilities,3,4
BULIX,2010,0.0607180219876976,utilities,1,1
BULIX,2011,0.0663717923912463,utilities,1,2
BULIX,2012,0.0645804545996255,utilities,1,1
BULIX,2013,0.0734960301885993,utilities,1,2
BULIX,2014,0.0854278396169989,utilities,2,3
BULIX,2015,0.0975600781184713,utilities,2,4
BULIX,2016,0.1131498845009684,utilities,3,5
BULIX,2017,0.0776553635023125,utilities,2,2
BULIX,2018,0.1179250982246402,utilities,3,5
BULIX,2019,0.0908390101992915,utilities,2,3
BULIX,2020,0.1891308639363073,utilities,5,8
BULIX,2021,0.1104693874866366,utilities,3,4
BULIX,2022,0.1416391738445056,utilities,4,6
BULIX,2023,0.150942448033423,utilities,4,7
BULIX,2024,0.1493759583628447,utilities,4,7
BULIX,2025,0.1328264488186531,utilities,4,6
EVUAX,1999,0.087246340545982,utilities,2,3
EVUAX,2000,0.1879354412130899,utilities,5,7
EVUAX,2001,0.140801428307454,utilities,4,6
EVUAX,2002,0.1484463113408641,utilities,4,7
EVUAX,2003,0.0756123321721503,utilities,1,2
EVUAX,2004,0.0666096270406851,utilities,1,2
EVUAX,2005,0.076096697706483,utilities,1,2
EVUAX,2006,0.0604380697330256,utilities,1,1
EVUAX,2007,0.0836692413924583,utilities,2,3
EVUAX,2008,0.1312716696052031,utilities,4,6
EVUAX,2009,0.0790435264216672,utilities,2,2
EVUAX,2010,0.0620698621694911,utilities,1,1
EVUAX,2011,0.0616874611207284,utilities,1,1
EVUAX,2012,0.0549094050121396,utilities,1,1
EVUAX,2013,0.060874955059997,utilities,1,1
EVUAX,2014,0.0779777919523276,utilities,2,2
EVUAX,2015,0.092691916074142,utilities,2,3
EVUAX,2016,0.1090522120028157,utilities,3,4
EVUAX,2017,0.0771081388215017,utilities,1,2
EVUAX,2018,0.1083912895789812,utilities,3,4
EVUAX,2019,0.0847701230567314,utilities,2,3
EVUAX,2020,0.1646027872104005,utilities,5,7
EVUAX,2021,0.1094578534100243,utilities,3,4
EVUAX,2022,0.1406347158520353,utilities,4,6
EVUAX,2023,0.1300874429980644,utilities,4,6
EVUAX,2024,0.1292282015172696,utilities,4,6
EVUAX,2025,0.1170484813667959,utilities,3,5
FIUIX,1999,0.1040968699575266,utilities,3,4
FIUIX,2000,0.186434435496108,utilities,5,7
FIUIX,2001,0.1186214972420914,utilities,3,5
FIUIX,2002,0.1616703922560067,utilities,5,7
FIUIX,2003,0.092371971694597,utilities,2,3
FIUIX,2004,0.0690619629412113,utilities,1,2
FIUIX,2005,0.0729601487947526,utilities,1,2
FIUIX,2006,0.0603403526683307,utilities,1,1
FIUIX,2007,0.0807576461183612,utilities,2,2
FIUIX,2008,0.1450465875941845,utilities,4,7
FIUIX,2009,0.1120639973274858,utilities,3,5
FIUIX,2010,0.0644400175149347,utilities,1,1
FIUIX,2011,0.0728337062573129,utilities,1,2
FIUIX,2012,0.0613102111804653,utilities,1,1
FIUIX,2013,0.0689406173333431,utilities,1,2
FIUIX,2014,0.0725483045583944,utilities,1,2
FIUIX,2015,0.079022115449209,utilities,2,2
FIUIX,2016,0.1000188612420187,utilities,3,4
FIUIX,2017,0.0650732758546085,utilities,1,1
FIUIX,2018,0.0998028156298948,utilities,3,4
FIUIX,2019,0.0834399999386324,utilities,2,3
FIUIX,2020,0.148302465776749,utilities,4,7
FIUIX,2021,0.1040128905061389,utilities,3,4
FIUIX,2022,0.1319771435527562,utilities,4,6
FIUIX,2023,0.1236841926899299,utilities,3,5
FIUIX,2024,0.135197247656734,utilities,4,6
FIUIX,2025,0.1244653303953545,utilities,4,5
FKUTX,1999,0.1093195912856654,utilities,3,4
FKUTX,2000,0.177885062739953,utilities,5,7
FKUTX,2001,0.1705190456867828,utilities,5,7
FKUTX,2002,0.177138444833053,utilities,5,7
FKUTX,2003,0.0884844380236383,utilities,2,3
FKUTX,2004,0.075292753068978,utilities,1,2
FKUTX,2005,0.0798238410707731,utilities,2,2
FKUTX,2006,0.0766765018926077,utilities,1,2
FKUTX,2007,0.1021699816535132,utilities,3,4
FKUTX,2008,0.1631308200358642,utilities,5,7
FKUTX,2009,0.1205989566460142,utilities,3,5
FKUTX,2010,0.071719708432078,utilities,1,2
FKUTX,2011,0.0776009533639622,utilities,2,2
FKUTX,2012,0.0680241708824835,utilities,1,2
FKUTX,2013,0.0788164868339325,utilities,2,2
FKUTX,2014,0.0988818249895888,utilities,2,4
FKUTX,2015,0.125064703309642,utilities,4,5
FKUTX,2016,0.1335616567602126,utilities,4,6
FKUTX,2017,0.0903292050474881,utilities,2,3
FKUTX,2018,0.1370985378936207,utilities,4,6
FKUTX,2019,0.103065080190439,utilities,3,4
FKUTX,2020,0.206541557781056,utilities,5,8
FKUTX,2021,0.1261038976753079,utilities,4,5
FKUTX,2022,0.1562501961832946,utilities,4,7
FKUTX,2023,0.1469436713621382,utilities,4,7
FKUTX,2024,0.1408688032420146,utilities,4,6
FKUTX,2025,0.1323390529894378,utilities,4,6
FSUTX,1999,0.1109064138407114,utilities,3,4
FSUTX,2000,0.1818649840331135,utilities,5,7
FSUTX,2001,0.1516690035181087,utilities,4,7
FSUTX,2002,0.1610968014139076,utilities,5,7
FSUTX,2003,0.0966405366379426,utilities,2,3
FSUTX,2004,0.0727535420643165,utilities,1,2
FSUTX,2005,0.0692497371638209,utilities,1,2
FSUTX,2006,0.0651282941691734,utilities,1,1
FSUTX,2007,0.1164580886476184,utilities,3,5
FSUTX,2008,0.1942982179175246,utilities,5,8
FSUTX,2009,0.1426816197372399,utilities,4,6
FSUTX,2010,0.0786427061189087,utilities,2,2
FSUTX,2011,0.0858938303187791,utilities,2,3
FSUTX,2012,0.0732840166392854,utilities,1,2
FSUTX,2013,0.0787286973373498,utilities,2,2
FSUTX,2014,0.0994034764358243,utilities,2,4
FSUTX,2015,0.1270747579882334,utilities,4,5
FSUTX,2016,0.1354733180715439,utilities,4,6
FSUTX,2017,0.0881056224600922,utilities,2,3
FSUTX,2018,0.1254355409016192,utilities,4,5
FSUTX,2019,0.0993505618557655,utilities,2,4
FSUTX,2020,0.2088458586700968,utilities,5,8
FSUTX,2021,0.1237893319359869,utilities,3,5
FSUTX,2022,0.1549672212364944,utilities,4,7
FSUTX,2023,0.1450727876426888,utilities,4,7
FSUTX,2024,0.1534801108960122,utilities,4,7
FSUTX,2025,0.1385570780142616,utilities,4,6
FUGAX,1999,0.1133760813531983,utilities,3,5
FUGAX,2000,0.2265549049702378,utilities,5,8
FUGAX,2001,0.1441237305526204,utilities,4,7
FUGAX,2002,0.1634863372942168,utilities,5,7
FUGAX,2003,0.0963717343461571,utilities,2,3
FUGAX,2004,0.0726579819570815,utilities,1,2
FUGAX,2005,0.0690214065539389,utilities,1,2
FUGAX,2006,0.0664494094290254,utilities,1,2
FUGAX,2007,0.1157737431491221,utilities,3,5
FUGAX,2008,0.1934410294252017,utilities,5,8
FUGAX,2009,0.1435396011089515,utilities,4,6
FUGAX,2010,0.0791206194281331,utilities,2,2
FUGAX,2011,0.0865637260832743,utilities,2,3
FUGAX,2012,0.0732276415488686,utilities,1,2
FUGAX,2013,0.0789886172456064,utilities,2,2
FUGAX,2014,0.1026539071705142,utilities,3,4
FUGAX,2015,0.1269174092209773,utilities,4,5
FUGAX,2016,0.1349200509417663,utilities,4,6
FUGAX,2017,0.0892676989681166,utilities,2,3
FUGAX,2018,0.1258056433817942,utilities,4,5
FUGAX,2019,0.0987588121285305,utilities,2,4
FUGAX,2020,0.2070643898102925,utilities,5,8
FUGAX,2021,0.1241247395893638,utilities,4,5
FUGAX,2022,0.1540254447535789,utilities,4,7
FUGAX,2023,0.145483818610405,utilities,4,7
FUGAX,2024,0.152630012975293,utilities,4,7
FUGAX,2025,0.1248176803245348,utilities,4,5
GASFX,1999,0.1031349229618903,utilities,3,4
GASFX,2000,0.1605225517640591,utilities,5,7
GASFX,2001,0.1733142098901141,utilities,5,7
GASFX,2002,0.1811733194361035,utilities,5,7
GASFX,2003,0.0980713006739159,utilities,2,4
GASFX,2004,0.0809395509506898,utilities,2,2
GASFX,2005,0.0813710859739134,utilities,2,2
GASFX,2006,0.0709199407468114,utilities,1,2
GASFX,2007,0.0839464348819978,utilities,2,3
GASFX,2008,0.1535986861784803,utilities,4,7
GASFX,2009,0.1051940105151298,utilities,3,4
GASFX,2010,0.0679353277797597,utilities,1,2
GASFX,2011,0.0758593884556208,utilities,1,2
GASFX,2012,0.0600521491475874,utilities,1,1
GASFX,2013,0.0665734178777792,utilities,1,2
GASFX,2014,0.08936708369407,utilities,2,3
GASFX,2015,0.1126165844998799,utilities,3,5
GASFX,2016,0.1186881442548172,utilities,3,5
GASFX,2017,0.0810301639880844,utilities,2,2
GASFX,2018,0.1153474697602687,utilities,3,5
GASFX,2019,0.0839671391101331,utilities,2,3
GASFX,2020,0.1764570719495504,utilities,5,7
GASFX,2021,0.1086673265781371,utilities,3,4
GASFX,2022,0.1444280802308398,utilities,4,7
GASFX,2023,0.1196951374426994,utilities,3,5
GASFX,2024,0.1181587261555263,utilities,3,5
GASFX,2025,0.1269588072121155,utilities,4,5
ICTUX,1999,0.1192254858688369,utilities,3,5
ICTUX,2000,0.1370016319257102,utilities,4,6
ICTUX,2001,0.1311206844385618,utilities,4,6
ICTUX,2002,0.1365719733546675,utilities,4,6
ICTUX,2003,0.1040587452828461,utilities,3,4
ICTUX,2004,0.1003106792622192,utilities,3,4
ICTUX,2005,0.0729079358018959,utilities,1,2
ICTUX,2006,0.0753436609629986,utilities,1,2
ICTUX,2007,0.0782269942047697,utilities,2,2
ICTUX,2008,0.1352010937384571,utilities,4,6
ICTUX,2009,0.0926738850931054,utilities,2,3
ICTUX,2010,0.0735322551791013,utilities,1,2
ICTUX,2011,0.0808525412974183,utilities,2,2
ICTUX,2012,0.0789574114161996,utilities,2,2
ICTUX,2013,0.0889146462354146,utilities,2,3
ICTUX,2014,0.1101102687757281,utilities,3,4
ICTUX,2015,0.1221610974049837,utilities,3,5
ICTUX,2016,0.1242489297439755,utilities,4,5
ICTUX,2017,0.0838441780369672,utilities,2,3
ICTUX,2018,0.1231078322192739,utilities,3,5
ICTUX,2019,0.0854606815454555,utilities,2,3
ICTUX,2020,0.2158010861728203,utilities,5,8
ICTUX,2021,0.1138377778473673,utilities,3,5
ICTUX,2022,0.1308587823134765,utilities,4,6
ICTUX,2023,0.1344519402509623,utilities,4,6
ICTUX,2024,0.1300005824181422,utilities,4,6
ICTUX,2025,0.1338763404698988,utilities,4,6
MMUFX,1999,0.0716430469430182,utilities,1,2
MMUFX,2000,0.1374602712266598,utilities,4,6
MMUFX,2001,0.1225056871572418,utilities,3,5
MMUFX,2002,0.1273333239016025,utilities,4,5
MMUFX,2003,0.0660410602402965,utilities,1,1
MMUFX,2004,0.059802308894451,utilities,1,1
MMUFX,2005,0.0694875466888066,utilities,1,2
MMUFX,2006,0.0666537097086024,utilities,1,2
MMUFX,2007,0.0696887919412002,utilities,1,2
MMUFX,2008,0.1534215752299122,utilities,4,7
MMUFX,2009,0.104956846659805,utilities,3,4
MMUFX,2010,0.0613035956269904,utilities,1,1
MMUFX,2011,0.0598657013365782,utilities,1,1
MMUFX,2012,0.0532013982724802,utilities,1,1
MMUFX,2013,0.0506528054769143,utilities,1,1
MMUFX,2014,0.0640841863318494,utilities,1,1
MMUFX,2015,0.0929604634369651,utilities,2,3
MMUFX,2016,0.1013661558324224,utilities,3,4
MMUFX,2017,0.0602523108657742,utilities,1,1
MMUFX,2018,0.0768670909635602,utilities,1,2
MMUFX,2019,0.0626756226780448,utilities,1,1
MMUFX,2020,0.1430932793435307,utilities,4,6
MMUFX,2021,0.0975692759798531,utilities,2,4
MMUFX,2022,0.1350467746391261,utilities,4,6
MMUFX,2023,0.1302243880933968,utilities,4,6
MMUFX,2024,0.1389969742079378,utilities,4,6
MMUFX,2025,0.1316265873769208,utilities,4,6
PRUAX,1999,0.0891713544578081,utilities,2,3
PRUAX,2000,0.1378041123281117,utilities,4,6
PRUAX,2001,0.1594059821502971,utilities,5,7
PRUAX,2002,0.1539494831802952,utilities,4,7
PRUAX,2003,0.0847289661166137,utilities,2,3
PRUAX,2004,0.0817455941302053,utilities,2,2
PRUAX,2005,0.0944346737090571,utilities,2,3
PRUAX,2006,0.0778223453337342,utilities,2,2
PRUAX,2007,0.0737986299882831,utilities,1,2
PRUAX,2008,0.1649195794977896,utilities,5,7
PRUAX,2009,0.0985905683237494,utilities,2,4
PRUAX,2010,0.0624285412342785,utilities,1,1
PRUAX,2011,0.0645010979312083,utilities,1,1
PRUAX,2012,0.0558993783425585,utilities,1,1
PRUAX,2013,0.0589170776319233,utilities,1,1
PRUAX,2014,0.1727822496251309,utilities,5,7
PRUAX,2015,0.1051932523509111,utilities,3,4
PRUAX,2016,0.1104010065043887,utilities,3,4
PRUAX,2017,0.0756661700018895,utilities,1,2
PRUAX,2018,0.1102625666107563,utilities,3,4
PRUAX,2019,0.0925141052898329,utilities,2,3
PRUAX,2020,0.1642221476219598,utilities,5,7
PRUAX,2021,0.0987722023430081,utilities,2,4
PRUAX,2022,0.1388798021089251,utilities,4,6
PRUAX,2023,0.1290695617497493,utilities,4,6
PRUAX,2024,0.1433937364915412,utilities,4,6
PRUAX,2025,0.140862222015404,utilities,4,6
SPY,1999,7.295920722536886e-06,utilities,1,1
SPY,2000,7.919289927774363e-06,utilities,1,1
SPY,2001,7.122641856693431e-06,utilities,1,1
SPY,2002,8.58067931814203e-06,utilities,1,1
SPY,2003,8.64934192944911e-06,utilities,1,1
SPY,2004,7.650076521510294e-06,utilities,1,1
SPY,2005,6.157244905375693e-06,utilities,1,1
SPY,2006,5.838773460298096e-06,utilities,1,1
SPY,2007,6.776067706460308e-06,utilities,1,1
SPY,2008,6.183331002242675e-06,utilities,1,1
SPY,2009,6.491415219928968e-06,utilities,1,1
SPY,2010,5.430407568406071e-06,utilities,1,1
SPY,2011,4.790213669406377e-06,utilities,1,1
SPY,2012,5.544198958431018e-06,utilities,1,1
SPY,2013,6.24315814547322e-06,utilities,1,1
SPY,2014,5.343786278397521e-06,utilities,1,1
SPY,2015,4.824160114454516e-06,utilities,1,1
SPY,2016,4.808953814569827e-06,utilities,1,1
SPY,2017,3.4974083905991817e-06,utilities,1,1
SPY,2018,4.696512670229357e-06,utilities,1,1
SPY,2019,4.484753849945574e-06,utilities,1,1
SPY,2020,4.466574530142402e-06,utilities,1,1
SPY,2021,3.128869266939762e-06,utilities,1,1
SPY,2022,2.5187519170785e-06,utilities,1,1
SPY,2023,2.142930654048192e-06,utilities,1,1
SPY,2024,2.340284104344108e-06,utilities,1,1
SPY,2025,1.529883074361443e-06,utilities,1,1
CSEIX,1999,0.0879028504594898,real estate,2,3
CSEIX,2000,0.0940285842038437,real estate,2,3
CSEIX,2001,0.0796157795102266,real estate,2,2
CSEIX,2002,0.1153988651323531,real estate,3,5
CSEIX,2003,0.0814664679327671,real estate,2,2
CSEIX,2004,0.1465798293555812,real estate,4,7
CSEIX,2005,0.1051665343306465,real estate,3,4
CSEIX,2006,0.0953439754482288,real estate,2,3
CSEIX,2007,0.1372431979209837,real estate,4,6
CSEIX,2008,0.4282829057615896,real estate,5,8
CSEIX,2009,0.3205570123085785,real estate,5,8
CSEIX,2010,0.1256879029998523,real estate,4,5
CSEIX,2011,0.1237853870190418,real estate,3,5
CSEIX,2012,0.0899185414859722,real estate,2,3
CSEIX,2013,0.1058160710015678,real estate,3,4
CSEIX,2014,0.1080887613117831,real estate,3,4
CSEIX,2015,0.1208494163909327,real estate,3,5
CSEIX,2016,0.1304842517336823,real estate,4,6
CSEIX,2017,0.0886123027626925,real estate,2,3
CSEIX,2018,0.1321489713966444,real estate,4,6
CSEIX,2019,0.1081560147980955,real estate,3,4
CSEIX,2020,0.2026747370056893,real estate,5,8
CSEIX,2021,0.1088749429324549,real estate,3,4
CSEIX,2022,0.1473434881589506,real estate,4,7
CSEIX,2023,0.1463104130860609,real estate,4,7
CSEIX,2024,0.1373456374007158,real estate,4,6
CSEIX,2025,0.1302342707535437,real estate,4,6
DFREX,1999,0.0935832199346931,real estate,2,3
DFREX,2000,0.0969270107400009,real estate,2,3
DFREX,2001,0.0839110708512192,real estate,2,3
DFREX,2002,0.124940930596788,real estate,4,5
DFREX,2003,0.0908283031695854,real estate,2,3
DFREX,2004,0.1585499147150565,real estate,5,7
DFREX,2005,0.1195982107972491,real estate,3,5
DFREX,2006,0.1171980326882307,real estate,3,5
DFREX,2007,0.1655781580239325,real estate,5,7
DFREX,2008,0.4609282501849517,real estate,5,8
DFREX,2009,0.3425599060972401,real estate,5,8
DFREX,2010,0.1374849935601232,real estate,4,6
DFREX,2011,0.1297525508935408,real estate,4,6
DFREX,2012,0.0937412941022834,real estate,2,3
DFREX,2013,0.1124815050456732,real estate,3,5
DFREX,2014,0.0918001969144967,real estate,2,3
DFREX,2015,0.1286345011018021,real estate,4,6
DFREX,2016,0.1463758130615417,real estate,4,7
DFREX,2017,0.0943080016180271,real estate,2,3
DFREX,2018,0.1337033163548748,real estate,4,6
DFREX,2019,0.110712316421854,real estate,3,4
DFREX,2020,0.2423624437459647,real estate,5,8
DFREX,2021,0.1131574800145878,real estate,3,5
DFREX,2022,0.1457270735860387,real estate,4,7
DFREX,2023,0.1438699611763365,real estate,4,6
DFREX,2024,0.1403398869720194,real estate,4,6
DFREX,2025,0.131864440523606,real estate,4,6
DPREX,1999,0.0940891751645998,real estate,2,3
DPREX,2000,0.100332661663946,real estate,3,4
DPREX,2001,0.0854852707040383,real estate,2,3
DPREX,2002,0.1150484668229438,real estate,3,5
DPREX,2003,0.0881800286271531,real estate,2,3
DPREX,2004,0.1499141209466857,real estate,4,7
DPREX,2005,0.1116713992059611,real estate,3,5
DPREX,2006,0.1165882018529034,real estate,3,5
DPREX,2007,0.1598735235376203,real estate,5,7
DPREX,2008,0.4421306658693145,real estate,5,8
DPREX,2009,0.3486587018465009,real estate,5,8
DPREX,2010,0.1352947792847722,real estate,4,6
DPREX,2011,0.1289170065798432,real estate,4,6
DPREX,2012,0.0955218156885006,real estate,2,3
DPREX,2013,0.1073563217259883,real estate,3,4
DPREX,2014,0.0887826816005213,real estate,2,3
DPREX,2015,0.1276070832428806,real estate,4,6
DPREX,2016,0.1286790411875142,real estate,4,6
DPREX,2017,0.0943558357715247,real estate,2,3
DPREX,2018,0.1327816100394681,real estate,4,6
DPREX,2019,0.0928773218337398,real estate,2,3
DPREX,2020,0.0972778433125567,real estate,2,4
DPREX,2021,0.0567737495230853,real estate,1,1
DPREX,2022,0.0861552433309518,real estate,2,3
DPREX,2023,0.0698422507350968,real estate,1,2
DPREX,2024,0.0738633750546232,real estate,1,2
DPREX,2025,0.0662655356731974,real estate,1,2
FREAX,1999,0.0943773404894867,real estate,2,3
FREAX,2000,0.0981371139081517,real estate,2,4
FREAX,2001,0.1402866266791007,real estate,4,6
FREAX,2002,0.1125315662424807,real estate,3,5
FREAX,2003,0.0972453568810677,real estate,2,4
FREAX,2004,0.1502229617332749,real estate,4,7
FREAX,2005,0.1077121691065104,real estate,3,4
FREAX,2006,0.1141413173238219,real estate,3,5
FREAX,2007,0.1559964212332153,real estate,4,7
FREAX,2008,0.4196546297341494,real estate,5,8
FREAX,2009,0.3257290023880397,real estate,5,8
FREAX,2010,0.1292842454946428,real estate,4,6
FREAX,2011,0.1272875973013064,real estate,4,5
FREAX,2012,0.0906673150851088,real estate,2,3
FREAX,2013,0.1075732846120298,real estate,3,4
FREAX,2014,0.0847693188207717,real estate,2,3
FREAX,2015,0.1230583241343205,real estate,3,5
FREAX,2016,0.1316522293410526,real estate,4,6
FREAX,2017,0.0905711955419046,real estate,2,3
FREAX,2018,0.1327127129005518,real estate,4,6
FREAX,2019,0.1114382547300584,real estate,3,5
FREAX,2020,0.1914009072599681,real estate,5,8
FREAX,2021,0.1145451249625613,real estate,3,5
FREAX,2022,0.1442489011151375,real estate,4,7
FREAX,2023,0.1412669404556194,real estate,4,6
FREAX,2024,0.1329790720514095,real estate,4,6
FREAX,2025,0.1287612832921119,real estate,4,6
FRESX,1999,0.1030305790365553,real estate,3,4
FRESX,2000,0.1010717031741522,real estate,3,4
FRESX,2001,0.0835541548197155,real estate,2,3
FRESX,2002,0.1197227881196816,real estate,3,5
FRESX,2003,0.0857863893122931,real estate,2,3
FRESX,2004,0.1477928855264393,real estate,4,7
FRESX,2005,0.117685402646028,real estate,3,5
FRESX,2006,0.1162710231359077,real estate,3,5
FRESX,2007,0.1626637667894313,real estate,5,7
FRESX,2008,0.4478173663285095,real estate,5,8
FRESX,2009,0.3555767918397559,real estate,5,8
FRESX,2010,0.1396066862251663,real estate,4,6
FRESX,2011,0.1299450146260988,real estate,4,6
FRESX,2012,0.0957951860742284,real estate,2,3
FRESX,2013,0.1106970848878329,real estate,3,4
FRESX,2014,0.0925756196736821,real estate,2,3
FRESX,2015,0.1261626334186426,real estate,4,5
FRESX,2016,0.1345411867508585,real estate,4,6
FRESX,2017,0.0953108673917745,real estate,2,3
FRESX,2018,0.1386549402504672,real estate,4,6
FRESX,2019,0.1111065236301398,real estate,3,4
FRESX,2020,0.2035072094063952,real estate,5,8
FRESX,2021,0.1126293691680422,real estate,3,5
FRESX,2022,0.1455957172688196,real estate,4,7
FRESX,2023,0.13668785669859,real estate,4,6
FRESX,2024,0.141250615605301,real estate,4,6
FRESX,2025,0.1334139252835255,real estate,4,6
IARAX,1999,0.1020702301100832,real estate,3,4
IARAX,2000,0.1013348084631741,real estate,3,4
IARAX,2001,0.0841743898814746,real estate,2,3
IARAX,2002,0.1166621511549098,real estate,3,5
IARAX,2003,0.0874489325082389,real estate,2,3
IARAX,2004,0.1440120778636525,real estate,4,7
IARAX,2005,0.1112482659847291,real estate,3,4
IARAX,2006,0.1113195970012992,real estate,3,5
IARAX,2007,0.1567108830913709,real estate,5,7
IARAX,2008,0.4314057061520549,real estate,5,8
IARAX,2009,0.321253424286719,real estate,5,8
IARAX,2010,0.1263709441455371,real estate,4,5
IARAX,2011,0.1213841484945262,real estate,3,5
IARAX,2012,0.091058791352884,real estate,2,3
IARAX,2013,0.1038214896723565,real estate,3,4
IARAX,2014,0.0809629586959525,real estate,2,2
IARAX,2015,0.1161775923311635,real estate,3,5
IARAX,2016,0.1231108667281631,real estate,3,5
IARAX,2017,0.0874726421439366,real estate,2,3
IARAX,2018,0.1270055288696221,real estate,4,5
IARAX,2019,0.1526928877738771,real estate,4,7
IARAX,2020,0.1945187347506911,real estate,5,8
IARAX,2021,0.112668888055236,real estate,3,5
IARAX,2022,0.152558981576439,real estate,4,7
IARAX,2023,0.1439829501770739,real estate,4,6
IARAX,2024,0.1399146305087454,real estate,4,6
IARAX,2025,0.1309245630413364,real estate,4,6
PHRAX,1999,0.1098438318764381,real estate,3,4
PHRAX,2000,0.099889208343454,real estate,3,4
PHRAX,2001,0.0874843499329578,real estate,2,3
PHRAX,2002,0.1202745756232071,real estate,3,5
PHRAX,2003,0.0886466857296213,real estate,2,3
PHRAX,2004,0.1566872488613032,real estate,5,7
PHRAX,2005,0.1198003572840593,real estate,3,5
PHRAX,2006,0.118789163962498,real estate,3,5
PHRAX,2007,0.1692772399478922,real estate,5,7
PHRAX,2008,0.4418191414333962,real estate,5,8
PHRAX,2009,0.3405980751485237,real estate,5,8
PHRAX,2010,0.1369348207299417,real estate,4,6
PHRAX,2011,0.1304871239421831,real estate,4,6
PHRAX,2012,0.0958278830823845,real estate,2,3
PHRAX,2013,0.1113719161938658,real estate,3,5
PHRAX,2014,0.0904104245656595,real estate,2,3
PHRAX,2015,0.1261305490815608,real estate,4,5
PHRAX,2016,0.1323367679712072,real estate,4,6
PHRAX,2017,0.0963161183644696,real estate,2,3
PHRAX,2018,0.1396436749187555,real estate,4,6
PHRAX,2019,0.1104857538744469,real estate,3,4
PHRAX,2020,0.2087518704294409,real estate,5,8
PHRAX,2021,0.1187870148202298,real estate,3,5
PHRAX,2022,0.1480695925452064,real estate,4,7
PHRAX,2023,0.1424828275871454,real estate,4,6
PHRAX,2024,0.137688521363149,real estate,4,6
PHRAX,2025,0.1289768869733882,real estate,4,6
RPFRX,1999,0.0997035697943542,real estate,3,4
RPFRX,2000,0.0992441386716531,real estate,2,4
RPFRX,2001,0.082881600815656,real estate,2,3
RPFRX,2002,0.1179270932596388,real estate,3,5
RPFRX,2003,0.0871175550892199,real estate,2,3
RPFRX,2004,0.1437839718266494,real estate,4,6
RPFRX,2005,0.108597946087821,real estate,3,4
RPFRX,2006,0.098763502253454,real estate,2,4
RPFRX,2007,0.1265751274862551,real estate,4,5
RPFRX,2008,0.3428296989399701,real estate,5,8
RPFRX,2009,0.2601203743622169,real estate,5,8
RPFRX,2010,0.107558026936157,real estate,3,4
RPFRX,2011,0.1082965186012603,real estate,3,4
RPFRX,2012,0.0821943679249984,real estate,2,3
RPFRX,2013,0.1034343230027417,real estate,3,4
RPFRX,2014,0.0772445671960215,real estate,1,2
RPFRX,2015,0.1071101826867288,real estate,3,4
RPFRX,2016,0.1189332915944448,real estate,3,5
RPFRX,2017,0.0906402582076567,real estate,2,3
RPFRX,2018,0.1269801019152505,real estate,4,5
RPFRX,2019,0.1040270573577385,real estate,3,4
RPFRX,2020,0.2195248640687827,real estate,5,8
RPFRX,2021,0.1203501749725283,real estate,3,5
RPFRX,2022,0.1408017093596832,real estate,4,6
RPFRX,2023,0.1639962200992664,real estate,5,7
RPFRX,2024,0.1435873781156991,real estate,4,6
RPFRX,2025,0.1383081289074471,real estate,4,6
SOAAX,1999,0.088807709841588,real estate,2,3
SOAAX,2000,0.0947152135050588,real estate,2,3
SOAAX,2001,0.0811220333668567,real estate,2,2
SOAAX,2002,0.1237354830571809,real estate,3,5
SOAAX,2003,0.0799847372128932,real estate,2,2
SOAAX,2004,0.1600642234355283,real estate,5,7
SOAAX,2005,0.1156237468266684,real estate,3,5
SOAAX,2006,0.1044843312390512,real estate,3,4
SOAAX,2007,0.1594658508233558,real estate,5,7
SOAAX,2008,0.4349865942905581,real estate,5,8
SOAAX,2009,0.340982022692184,real estate,5,8
SOAAX,2010,0.1424125609986712,real estate,4,6
SOAAX,2011,0.1293827839634903,real estate,4,6
SOAAX,2012,0.0955864435444269,real estate,2,3
SOAAX,2013,0.0949243964162371,real estate,2,3
SOAAX,2014,0.0813814760834618,real estate,2,2
SOAAX,2015,0.1120483496989196,real estate,3,5
SOAAX,2016,0.1196262039705612,real estate,3,5
SOAAX,2017,0.0843580645548243,real estate,2,3
SOAAX,2018,0.1247053872721609,real estate,4,5
SOAAX,2019,0.0991446241970122,real estate,2,4
SOAAX,2020,0.1825234732507149,real estate,5,7
SOAAX,2021,0.1119749324948285,real estate,3,5
SOAAX,2022,0.1378747949753387,real estate,4,6
SOAAX,2023,0.1362321456609456,real estate,4,6
SOAAX,2024,0.1309817271737552,real estate,4,6
SOAAX,2025,0.1229054154010882,real estate,3,5
SPY,1999,7.295920722536886e-06,real estate,1,1
SPY,2000,7.919289927774363e-06,real estate,1,1
SPY,2001,7.122641856693431e-06,real estate,1,1
SPY,2002,8.58067931814203e-06,real estate,1,1
SPY,2003,8.64934192944911e-06,real estate,1,1
SPY,2004,7.650076521510294e-06,real estate,1,1
SPY,2005,6.157244905375693e-06,real estate,1,1
SPY,2006,5.838773460298096e-06,real estate,1,1
SPY,2007,6.776067706460308e-06,real estate,1,1
SPY,2008,6.183331002242675e-06,real estate,1,1
SPY,2009,6.491415219928968e-06,real estate,1,1
SPY,2010,5.430407568406071e-06,real estate,1,1
SPY,2011,4.790213669406377e-06,real estate,1,1
SPY,2012,5.544198958431018e-06,real estate,1,1
SPY,2013,6.24315814547322e-06,real estate,1,1
SPY,2014,5.343786278397521e-06,real estate,1,1
SPY,2015,4.824160114454516e-06,real estate,1,1
SPY,2016,4.808953814569827e-06,real estate,1,1
SPY,2017,3.4974083905991817e-06,real estate,1,1
SPY,2018,4.696512670229357e-06,real estate,1,1
SPY,2019,4.484753849945574e-06,real estate,1,1
SPY,2020,4.466574530142402e-06,real estate,1,1
SPY,2021,3.128869266939762e-06,real estate,1,1
SPY,2022,2.5187519170785e-06,real estate,1,1
SPY,2023,2.142930654048192e-06,real estate,1,1
SPY,2024,2.340284104344108e-06,real estate,1,1
SPY,2025,1.529883074361443e-06,real estate,1,1
STMDX,1999,0.0828952400805066,real estate,2,3
STMDX,2000,0.0947062439462127,real estate,2,3
STMDX,2001,0.0866152192601339,real estate,2,3
STMDX,2002,0.1289516189665203,real estate,4,6
STMDX,2003,0.083525111338819,real estate,2,3
STMDX,2004,0.1594158779839599,real estate,5,7
STMDX,2005,0.1122902919119466,real estate,3,5
STMDX,2006,0.0984064266023845,real estate,2,4
STMDX,2007,0.1353777866668508,real estate,4,6
STMDX,2008,0.4090229092445462,real estate,5,8
STMDX,2009,0.2968442119010217,real estate,5,8
STMDX,2010,0.1272073088629627,real estate,4,5
STMDX,2011,0.1234438161468172,real estate,3,5
STMDX,2012,0.0885441491430806,real estate,2,3
STMDX,2013,0.1051315784943211,real estate,3,4
STMDX,2014,0.1189642336233094,real estate,3,5
STMDX,2015,0.1160581825367197,real estate,3,5
STMDX,2016,0.1291876914136901,real estate,4,6
STMDX,2017,0.0907704750671498,real estate,2,3
STMDX,2018,0.1294953508703497,real estate,4,6
STMDX,2019,0.1096725111359346,real estate,3,4
STMDX,2020,0.185889078052356,real estate,5,7
STMDX,2021,0.1126861663416392,real estate,3,5
STMDX,2022,0.1475824444736965,real estate,4,7
STMDX,2023,0.1425516445225718,real estate,4,6
STMDX,2024,0.1361380759878709,real estate,4,6
STMDX,2025,0.1306517056789794,real estate,4,6
TRREX,1999,0.1010741163095074,real estate,3,4
TRREX,2000,0.103001677163369,real estate,3,4
TRREX,2001,0.0873449791104994,real estate,2,3
TRREX,2002,0.1210874738821165,real estate,3,5
TRREX,2003,0.0897216958912782,real estate,2,3
TRREX,2004,0.1560106485377186,real estate,4,7
TRREX,2005,0.1178067636258587,real estate,3,5
TRREX,2006,0.1147441563107762,real estate,3,5
TRREX,2007,0.1561994145210905,real estate,4,7
TRREX,2008,0.4365553445563679,real estate,5,8
TRREX,2009,0.3179896690097784,real estate,5,8
TRREX,2010,0.1341771647633304,real estate,4,6
TRREX,2011,0.1197734168998717,real estate,3,5
TRREX,2012,0.0879658915208599,real estate,2,3
TRREX,2013,0.0995387435173866,real estate,3,4
TRREX,2014,0.0827271703125226,real estate,2,3
TRREX,2015,0.1193508323082957,real estate,3,5
TRREX,2016,0.1184506798814492,real estate,3,5
TRREX,2017,0.0981969866421901,real estate,2,4
TRREX,2018,0.1335960274987905,real estate,4,6
TRREX,2019,0.1048904500152807,real estate,3,4
TRREX,2020,0.2353595160898183,real estate,5,8
TRREX,2021,0.1219690478404876,real estate,3,5
TRREX,2022,0.1439981877196099,real estate,4,7
TRREX,2023,0.1424219510286899,real estate,4,6
TRREX,2024,0.1409889142384472,real estate,4,6
TRREX,2025,0.1360447245295586,real estate,4,6
