Fund,Year,L2_Norm,Sector,Cluster_k5,Cluster_k8,Cluster_k9,Cluster_k11
FDCPX,1999,0.2064667578555939,technology,5,8,9,10
FDCPX,2000,0.3748299928712038,technology,5,8,9,11
FDCPX,2001,0.3508955590338967,technology,5,8,9,11
FDCPX,2002,0.2306976229292564,technology,5,8,9,11
FDCPX,2003,0.1563342924815823,technology,5,7,8,9
FDCPX,2004,0.1683327702064192,technology,5,7,8,10
FDCPX,2005,0.109306245841058,technology,3,4,5,6
FDCPX,2006,0.1043884426556512,technology,3,4,4,5
FDCPX,2007,0.1259859005048433,technology,4,5,6,7
FDCPX,2008,0.1866033096316523,technology,5,7,8,10
FDCPX,2009,0.1357117993148504,technology,4,6,7,8
FDCPX,2010,0.0998575500944087,technology,3,4,4,5
FDCPX,2011,0.1049629887475716,technology,3,4,5,5
FDCPX,2012,0.0942784306101485,technology,2,3,4,4
FDCPX,2013,0.0950923948066271,technology,2,3,4,4
FDCPX,2014,0.0874493078571559,technology,2,3,3,4
FDCPX,2015,0.0876571873690289,technology,2,3,3,4
FDCPX,2016,0.0897190815311152,technology,2,3,3,4
FDCPX,2017,0.081050603656547,technology,2,2,3,3
FDCPX,2018,0.0852974989636284,technology,2,3,3,4
FDCPX,2019,0.084725127891142,technology,2,3,3,4
FDCPX,2020,0.1055005378119886,technology,3,4,5,6
FDCPX,2021,0.0968201235110208,technology,2,3,4,5
FDCPX,2022,0.0819610355661843,technology,2,2,3,3
FDCPX,2023,0.085942466335265,technology,2,3,3,4
FDCPX,2024,0.084687269005083,technology,2,3,3,4
FDCPX,2025,0.1087588213006823,technology,3,4,5,6
FSCSX,1999,0.240267915634831,technology,5,8,9,11
FSCSX,2000,0.3585914186059822,technology,5,8,9,11
FSCSX,2001,0.3005087812132196,technology,5,8,9,11
FSCSX,2002,0.1907561277195965,technology,5,8,8,10
FSCSX,2003,0.1287090403412801,technology,4,6,6,7
FSCSX,2004,0.1160682949577181,technology,3,5,5,6
FSCSX,2005,0.1007419100076192,technology,3,4,4,5
FSCSX,2006,0.0885726808874274,technology,2,3,3,4
FSCSX,2007,0.0967798556958536,technology,2,3,4,5
FSCSX,2008,0.1598475648665249,technology,5,7,8,9
FSCSX,2009,0.1086732013625352,technology,3,4,5,6
FSCSX,2010,0.0757184694589589,technology,1,2,2,3
FSCSX,2011,0.0847114884757882,technology,2,3,3,4
FSCSX,2012,0.0693284351531218,technology,1,2,2,2
FSCSX,2013,0.0709714119434404,technology,1,2,2,2
FSCSX,2014,0.1378870784278952,technology,4,6,7,8
FSCSX,2015,0.0712173809296496,technology,1,2,2,2
FSCSX,2016,0.0881559726117744,technology,2,3,3,4
FSCSX,2017,0.0730474314655616,technology,1,2,2,2
FSCSX,2018,0.0984383036868354,technology,2,4,4,5
FSCSX,2019,0.0697361240174061,technology,1,2,2,2
FSCSX,2020,0.1289982830132185,technology,4,6,6,7
FSCSX,2021,0.0904176589407901,technology,2,3,3,4
FSCSX,2022,0.110386523406675,technology,3,4,5,6
FSCSX,2023,0.0945344575484678,technology,2,3,4,4
FSCSX,2024,0.107484894920991,technology,3,4,5,6
FSCSX,2025,0.1216698742849776,technology,3,5,6,7
FSELX,1999,0.2809253979569567,technology,5,8,9,11
FSELX,2000,0.4153313385640521,technology,5,8,9,11
FSELX,2001,0.3982756874953256,technology,5,8,9,11
FSELX,2002,0.321392050928378,technology,5,8,9,11
FSELX,2003,0.1968139231151756,technology,5,8,9,10
FSELX,2004,0.2129273363779072,technology,5,8,9,11
FSELX,2005,0.1291458918949207,technology,4,6,6,7
FSELX,2006,0.1408107285589436,technology,4,6,7,8
FSELX,2007,0.1239724461328183,technology,4,5,6,7
FSELX,2008,0.216380870472692,technology,5,8,9,11
FSELX,2009,0.1908150845711348,technology,5,8,8,10
FSELX,2010,0.1401471107000383,technology,4,6,7,8
FSELX,2011,0.1730604335612378,technology,5,7,8,10
FSELX,2012,0.1404579072306565,technology,4,6,7,8
FSELX,2013,0.1050340403102422,technology,3,4,5,5
FSELX,2014,0.1079391466648706,technology,3,4,5,6
FSELX,2015,0.1338823293557927,technology,4,6,7,8
FSELX,2016,0.1288275349976377,technology,4,6,6,7
FSELX,2017,0.1028396699330391,technology,3,4,4,5
FSELX,2018,0.1578027116103177,technology,5,7,8,9
FSELX,2019,0.1622459042500995,technology,5,7,8,10
FSELX,2020,0.2068068649998231,technology,5,8,9,10
FSELX,2021,0.2102193511456598,technology,5,8,9,11
FSELX,2022,0.2254433247738595,technology,5,8,9,11
FSELX,2023,0.2211776695570406,technology,5,8,9,11
FSELX,2024,0.2209378816031714,technology,5,8,9,11
FSELX,2025,0.2179659939529073,technology,5,8,9,11
FSPTX,1999,0.2177994276099715,technology,5,8,9,11
FSPTX,2000,0.4027802128137027,technology,5,8,9,11
FSPTX,2001,0.316981459856796,technology,5,8,9,11
FSPTX,2002,0.2242362704436715,technology,5,8,9,11
FSPTX,2003,0.1425533828467664,technology,4,6,7,9
FSPTX,2004,0.1527412016817238,technology,4,7,8,9
FSPTX,2005,0.0874616517573338,technology,2,3,3,4
FSPTX,2006,0.0910401385962543,technology,2,3,3,4
FSPTX,2007,0.1129589053199379,technology,3,5,5,6
FSPTX,2008,0.1803495236885811,technology,5,7,8,10
FSPTX,2009,0.1175572715894954,technology,3,5,5,7
FSPTX,2010,0.0787774499021792,technology,2,2,2,3
FSPTX,2011,0.1058218415732279,technology,3,4,5,6
FSPTX,2012,0.0825335856642926,technology,2,3,3,3
FSPTX,2013,0.0712585482487062,technology,1,2,2,2
FSPTX,2014,0.0795964964970381,technology,2,2,2,3
FSPTX,2015,0.0733954482209216,technology,1,2,2,2
FSPTX,2016,0.0799366928559527,technology,2,2,3,3
FSPTX,2017,0.0845571618006517,technology,2,3,3,3
FSPTX,2018,0.1017855151147509,technology,3,4,4,5
FSPTX,2019,0.0704801007433791,technology,1,2,2,2
FSPTX,2020,0.135886357381793,technology,4,6,7,8
FSPTX,2021,0.1109686749381397,technology,3,4,5,6
FSPTX,2022,0.1144692729899675,technology,3,5,5,6
FSPTX,2023,0.106816169902569,technology,3,4,5,6
FSPTX,2024,0.1104002272694429,technology,3,4,5,6
FSPTX,2025,0.119189651773286,technology,3,5,6,7
ICTEX,1999,0.2212233047165223,technology,5,8,9,11
ICTEX,2000,0.2385347295861388,technology,5,8,9,11
ICTEX,2001,0.2520369232631764,technology,5,8,9,11
ICTEX,2002,0.1901760346247573,technology,5,8,8,10
ICTEX,2003,0.1976984257051492,technology,5,8,9,10
ICTEX,2004,0.1400782987678273,technology,4,6,7,8
ICTEX,2005,0.0782475512601663,technology,2,2,2,3
ICTEX,2006,0.0863240382174136,technology,2,3,3,4
ICTEX,2007,0.0982388411360257,technology,2,4,4,5
ICTEX,2008,0.1481305678778629,technology,4,7,7,9
ICTEX,2009,0.1063268812804877,technology,3,4,5,6
ICTEX,2010,0.0657253008483406,technology,1,1,2,2
ICTEX,2011,0.0735329186089733,technology,1,2,2,2
ICTEX,2012,0.0674599125635238,technology,1,2,2,2
ICTEX,2013,0.0728604688195365,technology,1,2,2,2
ICTEX,2014,0.0640779937236829,technology,1,1,2,2
ICTEX,2015,0.0709331436926558,technology,1,2,2,2
ICTEX,2016,0.0782394070268806,technology,2,2,2,3
ICTEX,2017,0.0856525283980331,technology,2,3,3,4
ICTEX,2018,0.0888742572075095,technology,2,3,3,4
ICTEX,2019,0.0632235785314189,technology,1,1,2,2
ICTEX,2020,0.142698767155283,technology,4,6,7,9
ICTEX,2021,0.0796828564956514,technology,2,2,3,3
ICTEX,2022,0.0992489338086991,technology,2,4,4,5
ICTEX,2023,0.0684314854730976,technology,1,2,2,2
ICTEX,2024,0.0733823580861103,technology,1,2,2,2
ICTEX,2025,0.0965100823287053,technology,2,3,4,5
KTCAX,1999,0.1987933778111472,technology,5,8,9,10
KTCAX,2000,0.3592658233546326,technology,5,8,9,11
KTCAX,2001,0.2771003835237555,technology,5,8,9,11
KTCAX,2002,0.2177030475967985,technology,5,8,9,11
KTCAX,2003,0.137103042627068,technology,4,6,7,8
KTCAX,2004,0.130167232997128,technology,4,6,6,8
KTCAX,2005,0.081228866178368,technology,2,2,3,3
KTCAX,2006,0.093065711688315,technology,2,3,4,4
KTCAX,2007,0.0938945135770811,technology,2,3,4,4
KTCAX,2008,0.1546991332545617,technology,4,7,8,9
KTCAX,2009,0.1034744555332514,technology,3,4,4,5
KTCAX,2010,0.0760269352768541,technology,1,2,2,3
KTCAX,2011,0.0969424410680908,technology,2,3,4,5
KTCAX,2012,0.0821906770170735,technology,2,2,3,3
KTCAX,2013,0.067961111671262,technology,1,2,2,2
KTCAX,2014,0.0695745332144712,technology,1,2,2,2
KTCAX,2015,0.062455031034172,technology,1,1,1,2
KTCAX,2016,0.0734072727091111,technology,1,2,2,2
KTCAX,2017,0.0736420269986413,technology,1,2,2,2
KTCAX,2018,0.0960679423610687,technology,2,3,4,5
KTCAX,2019,0.0661218323896167,technology,1,1,2,2
KTCAX,2020,0.1293845671532986,technology,4,6,6,8
KTCAX,2021,0.1050581147802202,technology,3,4,5,5
KTCAX,2022,0.1128798120986383,technology,3,5,5,6
KTCAX,2023,0.0911550980714427,technology,2,3,3,4
KTCAX,2024,0.0828396330061489,technology,2,3,3,3
KTCAX,2025,0.0972061574552033,technology,2,4,4,5
MTCAX,1999,0.25535999937406,technology,5,8,9,11
MTCAX,2000,0.3693320835289355,technology,5,8,9,11
MTCAX,2001,0.3772683718955498,technology,5,8,9,11
MTCAX,2002,0.2572662320134083,technology,5,8,9,11
MTCAX,2003,0.1321243282966671,technology,4,6,7,8
MTCAX,2004,0.1299747523946801,technology,4,6,6,8
MTCAX,2005,0.0910817322388709,technology,2,3,3,4
MTCAX,2006,0.102260762156947,technology,3,4,4,5
MTCAX,2007,0.082720431494461,technology,2,3,3,3
MTCAX,2008,0.1734120565813812,technology,5,7,8,10
MTCAX,2009,0.1203754503677931,technology,3,5,6,7
MTCAX,2010,0.0779265254927576,technology,2,2,2,3
MTCAX,2011,0.0978178341539344,technology,2,4,4,5
MTCAX,2012,0.0758043695176826,technology,1,2,2,3
MTCAX,2013,0.0677386262365298,technology,1,2,2,2
MTCAX,2014,0.0617299257229313,technology,1,1,1,2
MTCAX,2015,0.0586698802272183,technology,1,1,1,2
MTCAX,2016,0.0817732635330222,technology,2,2,3,3
MTCAX,2017,0.0748865619628954,technology,1,2,2,3
MTCAX,2018,0.1034063853220618,technology,3,4,4,5
MTCAX,2019,0.0716583089521344,technology,1,2,2,2
MTCAX,2020,0.1389348551537318,technology,4,6,7,8
MTCAX,2021,0.1129684699146174,technology,3,5,5,6
MTCAX,2022,0.1044412068100867,technology,3,4,4,5
MTCAX,2023,0.0889938632111313,technology,2,3,3,4
MTCAX,2024,0.0888544773293295,technology,2,3,3,4
MTCAX,2025,0.0912944030885849,technology,2,3,4,4
ROGSX,1999,0.2377518129723684,technology,5,8,9,11
ROGSX,2000,0.5159441874088958,technology,5,8,9,11
ROGSX,2001,0.5542721025888673,technology,5,8,9,11
ROGSX,2002,0.3816036430093238,technology,5,8,9,11
ROGSX,2003,0.1799706879941442,technology,5,7,8,10
ROGSX,2004,0.1411812091252392,technology,4,6,7,9
ROGSX,2005,0.1023253567487586,technology,3,4,4,5
ROGSX,2006,0.1120396795503596,technology,3,5,5,6
ROGSX,2007,0.0965174038477619,technology,2,3,4,5
ROGSX,2008,0.1888448251712486,technology,5,7,8,10
ROGSX,2009,0.1460756527068619,technology,4,7,7,9
ROGSX,2010,0.0827685802253097,technology,2,3,3,3
ROGSX,2011,0.0845070933815958,technology,2,3,3,3
ROGSX,2012,0.0703772315947751,technology,1,2,2,2
ROGSX,2013,0.0580396194459687,technology,1,1,1,2
ROGSX,2014,0.0531492118665798,technology,1,1,1,1
ROGSX,2015,0.0559205668218595,technology,1,1,1,1
ROGSX,2016,0.0645747401658663,technology,1,1,2,2
ROGSX,2017,0.060712254119832,technology,1,1,1,2
ROGSX,2018,0.0725312939793412,technology,1,2,2,2
ROGSX,2019,0.0590027483269235,technology,1,1,1,2
ROGSX,2020,0.1099360581159852,technology,3,4,5,6
ROGSX,2021,0.0771562519615177,technology,1,2,2,3
ROGSX,2022,0.0822145561454616,technology,2,3,3,3
ROGSX,2023,0.0764894853604402,technology,1,2,2,3
ROGSX,2024,0.0778205305409003,technology,2,2,2,3
ROGSX,2025,0.093030247322336,technology,2,3,4,4
RSIFX,1999,0.2542393476547758,technology,5,8,9,11
RSIFX,2000,0.3342433911470519,technology,5,8,9,11
RSIFX,2001,0.2493460479497745,technology,5,8,9,11
RSIFX,2002,0.3132580118729649,technology,5,8,9,11
RSIFX,2003,0.1952628967671458,technology,5,8,8,10
RSIFX,2004,0.199075702010686,technology,5,8,9,10
RSIFX,2005,0.1199631681196159,technology,3,5,6,7
RSIFX,2006,0.115885232283599,technology,3,5,5,6
RSIFX,2007,0.1183963080037138,technology,3,5,6,7
RSIFX,2008,0.1911585284892007,technology,5,8,8,10
RSIFX,2009,0.1206660042305061,technology,3,5,6,7
RSIFX,2010,0.1033390323638958,technology,3,4,4,5
RSIFX,2011,0.1291908514236162,technology,4,6,6,7
RSIFX,2012,0.1024607569409702,technology,3,4,4,5
RSIFX,2013,0.100653365286099,technology,3,4,4,5
RSIFX,2014,0.1214420655839921,technology,3,5,6,7
RSIFX,2015,0.0945681546445791,technology,2,3,4,4
RSIFX,2016,0.1319195101221513,technology,4,6,6,8
RSIFX,2017,0.120134040783405,technology,3,5,6,7
RSIFX,2018,0.1524122871751603,technology,4,7,8,9
RSIFX,2019,0.115921404902785,technology,3,5,5,6
RSIFX,2020,0.1827849868360668,technology,5,7,8,10
RSIFX,2021,0.2017855998898855,technology,5,8,9,10
RSIFX,2022,0.188730554176896,technology,5,7,8,10
RSIFX,2023,0.1136965267717437,technology,3,5,5,6
RSIFX,2024,0.1056798666729533,technology,3,4,5,6
RSIFX,2025,0.12373005587924,technology,3,5,6,7
SHGTX,1999,0.1569420713566396,technology,5,7,8,9
SHGTX,2000,0.3093162241122815,technology,5,8,9,11
SHGTX,2001,0.2195466314027049,technology,5,8,9,11
SHGTX,2002,0.1636111749070666,technology,5,7,8,10
SHGTX,2003,0.1193244833721781,technology,3,5,6,7
SHGTX,2004,0.1031066334460403,technology,3,4,4,5
SHGTX,2005,0.0792397345627624,technology,2,2,2,3
SHGTX,2006,0.0843911089753317,technology,2,3,3,3
SHGTX,2007,0.0815289986114713,technology,2,2,3,3
SHGTX,2008,0.1486538581401788,technology,4,7,7,9
SHGTX,2009,0.0957933064496161,technology,2,3,4,4
SHGTX,2010,0.0646056603814028,technology,1,1,2,2
SHGTX,2011,0.0808119330574823,technology,2,2,3,3
SHGTX,2012,0.0776371129090531,technology,2,2,2,3
SHGTX,2013,0.0646859010886074,technology,1,1,2,2
SHGTX,2014,0.0786637707707706,technology,2,2,2,3
SHGTX,2015,0.099631956663033,technology,3,4,4,5
SHGTX,2016,0.1043111743079279,technology,3,4,4,5
SHGTX,2017,0.1014947322001761,technology,3,4,4,5
SHGTX,2018,0.1072530299164494,technology,3,4,5,6
SHGTX,2019,0.0985900189851507,technology,2,4,4,5
SHGTX,2020,0.1320797747349266,technology,4,6,6,8
SHGTX,2021,0.1192268257352661,technology,3,5,6,7
SHGTX,2022,0.115113443388459,technology,3,5,5,6
SHGTX,2023,0.0969524684516754,technology,2,3,4,5
SHGTX,2024,0.0839419468511083,technology,2,3,3,3
SHGTX,2025,0.1295630984443385,technology,4,6,6,8
SLMCX,1999,0.1645360450568939,technology,5,7,8,10
SLMCX,2000,0.3352799512645775,technology,5,8,9,11
SLMCX,2001,0.2607313038358285,technology,5,8,9,11
SLMCX,2002,0.1841973853705099,technology,5,7,8,10
SLMCX,2003,0.110952492541788,technology,3,4,5,6
SLMCX,2004,0.1078709407219205,technology,3,4,5,6
SLMCX,2005,0.0825716038383901,technology,2,3,3,3
SLMCX,2006,0.0887705417895587,technology,2,3,3,4
SLMCX,2007,0.6308270177855894,technology,5,8,9,11
SLMCX,2008,0.1552795401459583,technology,4,7,8,9
SLMCX,2009,0.0995823666664901,technology,3,4,4,5
SLMCX,2010,0.0720131896107646,technology,1,2,2,2
SLMCX,2011,0.0861178440329503,technology,2,3,3,4
SLMCX,2012,0.0816532619765159,technology,2,2,3,3
SLMCX,2013,0.0725758493112719,technology,1,2,2,2
SLMCX,2014,0.0831651381256416,technology,2,3,3,3
SLMCX,2015,0.0989338067785188,technology,2,4,4,5
SLMCX,2016,0.1042276970562213,technology,3,4,4,5
SLMCX,2017,0.1024770165366429,technology,3,4,4,5
SLMCX,2018,0.1062316956153013,technology,3,4,5,6
SLMCX,2019,0.0964835134075114,technology,2,3,4,5
SLMCX,2020,0.1291960569132798,technology,4,6,6,8
SLMCX,2021,0.1172228856580092,technology,3,5,5,7
SLMCX,2022,0.1138343451213758,technology,3,5,5,6
SLMCX,2023,0.0959811098436076,technology,2,3,4,5
SLMCX,2024,0.0806534648592642,technology,2,2,3,3
SLMCX,2025,0.1311919247471884,technology,4,6,6,8
