symbol,year,actual_days_available,target_days,days_matched,days_imputed,imputation_rate_pct,completeness_pct,zero_returns
ICPAX,1999,187,252,187,65,25.79,74.21,65
ICPAX,2000,251,252,251,1,0.4,99.6,1
ICPAX,2001,246,252,246,6,2.38,97.62,6
ICPAX,2002,250,252,250,2,0.79,99.21,2
ICPAX,2003,250,252,250,2,0.79,99.21,2
ICPAX,2004,250,252,250,2,0.79,99.21,2
ICPAX,2005,251,252,251,1,0.4,99.6,1
ICPAX,2006,250,252,250,2,0.79,99.21,2
ICPAX,2007,249,252,249,3,1.19,98.81,3
ICPAX,2008,251,252,251,1,0.4,99.6,1
ICPAX,2009,250,252,250,2,0.79,99.21,2
ICPAX,2010,250,252,250,2,0.79,99.21,2
ICPAX,2011,251,252,251,1,0.4,99.6,1
ICPAX,2012,248,252,248,4,1.59,98.41,4
ICPAX,2013,250,252,250,2,0.79,99.21,2
ICPAX,2014,250,252,250,2,0.79,99.21,2
ICPAX,2015,250,252,250,2,0.79,99.21,2
ICPAX,2016,251,252,251,1,0.4,99.6,1
ICPAX,2017,250,252,250,2,0.79,99.21,2
ICPAX,2018,249,252,249,3,1.19,98.81,3
ICPAX,2019,250,252,250,2,0.79,99.21,2
ICPAX,2020,251,252,251,1,0.4,99.6,1
ICPAX,2021,250,252,250,2,0.79,99.21,2
ICPAX,2022,250,252,250,2,0.79,99.21,2
ICPAX,2023,249,252,249,3,1.19,98.81,3
ICPAX,2024,250,252,250,2,0.79,99.21,2
ICPAX,2025,248,252,248,4,1.59,98.41,4
VGENX,1999,250,252,250,2,0.79,99.21,2
VGENX,2000,251,252,251,1,0.4,99.6,1
VGENX,2001,246,252,246,6,2.38,97.62,6
VGENX,2002,250,252,250,2,0.79,99.21,2
VGENX,2003,250,252,250,2,0.79,99.21,2
VGENX,2004,250,252,250,2,0.79,99.21,2
VGENX,2005,251,252,251,1,0.4,99.6,1
VGENX,2006,250,252,250,2,0.79,99.21,2
VGENX,2007,249,252,249,3,1.19,98.81,3
VGENX,2008,251,252,251,1,0.4,99.6,1
VGENX,2009,250,252,250,2,0.79,99.21,2
VGENX,2010,250,252,250,2,0.79,99.21,2
VGENX,2011,251,252,251,1,0.4,99.6,1
VGENX,2012,248,252,248,4,1.59,98.41,4
VGENX,2013,250,252,250,2,0.79,99.21,2
VGENX,2014,250,252,250,2,0.79,99.21,2
VGENX,2015,250,252,250,2,0.79,99.21,2
VGENX,2016,251,252,251,1,0.4,99.6,1
VGENX,2017,250,252,250,2,0.79,99.21,2
VGENX,2018,249,252,249,3,1.19,98.81,3
VGENX,2019,250,252,250,2,0.79,99.21,2
VGENX,2020,251,252,251,1,0.4,99.6,1
VGENX,2021,250,252,250,2,0.79,99.21,2
VGENX,2022,250,252,250,2,0.79,99.21,2
VGENX,2023,249,252,249,3,1.19,98.81,3
VGENX,2024,250,252,250,2,0.79,99.21,2
VGENX,2025,248,252,248,4,1.59,98.41,4
FSENX,1999,250,252,250,2,0.79,99.21,2
FSENX,2000,251,252,251,1,0.4,99.6,1
FSENX,2001,246,252,246,6,2.38,97.62,6
FSENX,2002,250,252,250,2,0.79,99.21,2
FSENX,2003,250,252,250,2,0.79,99.21,2
FSENX,2004,250,252,250,2,0.79,99.21,2
FSENX,2005,251,252,251,1,0.4,99.6,1
FSENX,2006,250,252,250,2,0.79,99.21,2
FSENX,2007,249,252,249,3,1.19,98.81,3
FSENX,2008,251,252,251,1,0.4,99.6,1
FSENX,2009,250,252,250,2,0.79,99.21,2
FSENX,2010,250,252,250,2,0.79,99.21,2
FSENX,2011,251,252,251,1,0.4,99.6,1
FSENX,2012,248,252,248,4,1.59,98.41,4
FSENX,2013,250,252,250,2,0.79,99.21,2
FSENX,2014,250,252,250,2,0.79,99.21,2
FSENX,2015,250,252,250,2,0.79,99.21,2
FSENX,2016,251,252,251,1,0.4,99.6,1
FSENX,2017,250,252,250,2,0.79,99.21,2
FSENX,2018,249,252,249,3,1.19,98.81,3
FSENX,2019,250,252,250,2,0.79,99.21,2
FSENX,2020,251,252,251,1,0.4,99.6,1
FSENX,2021,250,252,250,2,0.79,99.21,2
FSENX,2022,250,252,250,2,0.79,99.21,2
FSENX,2023,249,252,249,3,1.19,98.81,3
FSENX,2024,250,252,250,2,0.79,99.21,2
FSENX,2025,248,252,248,4,1.59,98.41,4
RYEIX,1999,250,252,250,2,0.79,99.21,2
RYEIX,2000,251,252,251,1,0.4,99.6,1
RYEIX,2001,246,252,246,6,2.38,97.62,6
RYEIX,2002,250,252,250,2,0.79,99.21,2
RYEIX,2003,250,252,250,2,0.79,99.21,2
RYEIX,2004,250,252,250,2,0.79,99.21,2
RYEIX,2005,251,252,251,1,0.4,99.6,1
RYEIX,2006,250,252,250,2,0.79,99.21,2
RYEIX,2007,249,252,249,3,1.19,98.81,3
RYEIX,2008,251,252,251,1,0.4,99.6,1
RYEIX,2009,250,252,250,2,0.79,99.21,2
RYEIX,2010,250,252,250,2,0.79,99.21,2
RYEIX,2011,251,252,251,1,0.4,99.6,1
RYEIX,2012,248,252,248,4,1.59,98.41,4
RYEIX,2013,250,252,250,2,0.79,99.21,2
RYEIX,2014,250,252,250,2,0.79,99.21,2
RYEIX,2015,250,252,250,2,0.79,99.21,2
RYEIX,2016,251,252,251,1,0.4,99.6,1
RYEIX,2017,250,252,250,2,0.79,99.21,2
RYEIX,2018,249,252,249,3,1.19,98.81,3
RYEIX,2019,250,252,250,2,0.79,99.21,2
RYEIX,2020,251,252,251,1,0.4,99.6,1
RYEIX,2021,250,252,250,2,0.79,99.21,2
RYEIX,2022,250,252,250,2,0.79,99.21,2
RYEIX,2023,249,252,249,3,1.19,98.81,3
RYEIX,2024,250,252,250,2,0.79,99.21,2
RYEIX,2025,248,252,248,4,1.59,98.41,4
FNARX,1999,250,252,250,2,0.79,99.21,2
FNARX,2000,251,252,251,1,0.4,99.6,1
FNARX,2001,246,252,246,6,2.38,97.62,6
FNARX,2002,250,252,250,2,0.79,99.21,2
FNARX,2003,250,252,250,2,0.79,99.21,2
FNARX,2004,250,252,250,2,0.79,99.21,2
FNARX,2005,251,252,251,1,0.4,99.6,1
FNARX,2006,250,252,250,2,0.79,99.21,2
FNARX,2007,249,252,249,3,1.19,98.81,3
FNARX,2008,251,252,251,1,0.4,99.6,1
FNARX,2009,250,252,250,2,0.79,99.21,2
FNARX,2010,250,252,250,2,0.79,99.21,2
FNARX,2011,251,252,251,1,0.4,99.6,1
FNARX,2012,248,252,248,4,1.59,98.41,4
FNARX,2013,250,252,250,2,0.79,99.21,2
FNARX,2014,250,252,250,2,0.79,99.21,2
FNARX,2015,250,252,250,2,0.79,99.21,2
FNARX,2016,251,252,251,1,0.4,99.6,1
FNARX,2017,250,252,250,2,0.79,99.21,2
FNARX,2018,249,252,249,3,1.19,98.81,3
FNARX,2019,250,252,250,2,0.79,99.21,2
FNARX,2020,251,252,251,1,0.4,99.6,1
FNARX,2021,250,252,250,2,0.79,99.21,2
FNARX,2022,250,252,250,2,0.79,99.21,2
FNARX,2023,249,252,249,3,1.19,98.81,3
FNARX,2024,250,252,250,2,0.79,99.21,2
FNARX,2025,248,252,248,4,1.59,98.41,4
PRNEX,1999,250,252,250,2,0.79,99.21,2
PRNEX,2000,251,252,251,1,0.4,99.6,1
PRNEX,2001,246,252,246,6,2.38,97.62,6
PRNEX,2002,250,252,250,2,0.79,99.21,2
PRNEX,2003,250,252,250,2,0.79,99.21,2
PRNEX,2004,250,252,250,2,0.79,99.21,2
PRNEX,2005,251,252,251,1,0.4,99.6,1
PRNEX,2006,250,252,250,2,0.79,99.21,2
PRNEX,2007,249,252,249,3,1.19,98.81,3
PRNEX,2008,251,252,251,1,0.4,99.6,1
PRNEX,2009,250,252,250,2,0.79,99.21,2
PRNEX,2010,250,252,250,2,0.79,99.21,2
PRNEX,2011,251,252,251,1,0.4,99.6,1
PRNEX,2012,248,252,248,4,1.59,98.41,4
PRNEX,2013,250,252,250,2,0.79,99.21,2
PRNEX,2014,250,252,250,2,0.79,99.21,2
PRNEX,2015,250,252,250,2,0.79,99.21,2
PRNEX,2016,251,252,251,1,0.4,99.6,1
PRNEX,2017,250,252,250,2,0.79,99.21,2
PRNEX,2018,249,252,249,3,1.19,98.81,3
PRNEX,2019,250,252,250,2,0.79,99.21,2
PRNEX,2020,251,252,251,1,0.4,99.6,1
PRNEX,2021,250,252,250,2,0.79,99.21,2
PRNEX,2022,250,252,250,2,0.79,99.21,2
PRNEX,2023,249,252,249,3,1.19,98.81,3
PRNEX,2024,250,252,250,2,0.79,99.21,2
PRNEX,2025,248,252,248,4,1.59,98.41,4
SPY,1999,250,252,250,2,0.79,99.21,2
SPY,2000,251,252,251,1,0.4,99.6,1
SPY,2001,246,252,246,6,2.38,97.62,6
SPY,2002,250,252,250,2,0.79,99.21,2
SPY,2003,250,252,250,2,0.79,99.21,2
SPY,2004,250,252,250,2,0.79,99.21,2
SPY,2005,251,252,251,1,0.4,99.6,1
SPY,2006,250,252,250,2,0.79,99.21,2
SPY,2007,249,252,249,3,1.19,98.81,3
SPY,2008,251,252,251,1,0.4,99.6,1
SPY,2009,250,252,250,2,0.79,99.21,2
SPY,2010,250,252,250,2,0.79,99.21,2
SPY,2011,251,252,251,1,0.4,99.6,1
SPY,2012,248,252,248,4,1.59,98.41,4
SPY,2013,250,252,250,2,0.79,99.21,2
SPY,2014,250,252,250,2,0.79,99.21,2
SPY,2015,250,252,250,2,0.79,99.21,2
SPY,2016,251,252,251,1,0.4,99.6,1
SPY,2017,250,252,250,2,0.79,99.21,2
SPY,2018,249,252,249,3,1.19,98.81,3
SPY,2019,250,252,250,2,0.79,99.21,2
SPY,2020,251,252,251,1,0.4,99.6,1
SPY,2021,250,252,250,2,0.79,99.21,2
SPY,2022,250,252,250,2,0.79,99.21,2
SPY,2023,249,252,249,3,1.19,98.81,3
SPY,2024,250,252,250,2,0.79,99.21,2
SPY,2025,248,252,248,4,1.59,98.41,4
