Fund,Year,L2_Norm,Sector
CSEIX,1999,0.08790285045948981,real estate
CSEIX,2000,0.09402858420384379,real estate
CSEIX,2001,0.07961577951022669,real estate
CSEIX,2002,0.11539886513235312,real estate
CSEIX,2003,0.0814664679327671,real estate
CSEIX,2004,0.14657982935558123,real estate
CSEIX,2005,0.10516653433064656,real estate
CSEIX,2006,0.09534397544822885,real estate
CSEIX,2007,0.13724319792098372,real estate
CSEIX,2008,0.4282829057615896,real estate
CSEIX,2009,0.3205570123085785,real estate
CSEIX,2010,0.12568790299985239,real estate
CSEIX,2011,0.12378538701904185,real estate
CSEIX,2012,0.08991854148597221,real estate
CSEIX,2013,0.10581607100156783,real estate
CSEIX,2014,0.10808876131178315,real estate
CSEIX,2015,0.12084941639093272,real estate
CSEIX,2016,0.13048425173368236,real estate
CSEIX,2017,0.08861230276269251,real estate
CSEIX,2018,0.13214897139664447,real estate
CSEIX,2019,0.10815601479809553,real estate
CSEIX,2020,0.20267473700568933,real estate
CSEIX,2021,0.10887494293245492,real estate
CSEIX,2022,0.14734348815895063,real estate
CSEIX,2023,0.14631041308606096,real estate
CSEIX,2024,0.13734563740071581,real estate
CSEIX,2025,0.1302342707535437,real estate
DFREX,1999,0.09358321993469314,real estate
DFREX,2000,0.09692701074000093,real estate
DFREX,2001,0.08391107085121925,real estate
DFREX,2002,0.12494093059678806,real estate
DFREX,2003,0.09082830316958543,real estate
DFREX,2004,0.15854991471505653,real estate
DFREX,2005,0.11959821079724917,real estate
DFREX,2006,0.11719803268823077,real estate
DFREX,2007,0.1655781580239325,real estate
DFREX,2008,0.4609282501849517,real estate
DFREX,2009,0.3425599060972401,real estate
DFREX,2010,0.13748499356012325,real estate
DFREX,2011,0.12975255089354087,real estate
DFREX,2012,0.09374129410228348,real estate
DFREX,2013,0.11248150504567322,real estate
DFREX,2014,0.09180019691449673,real estate
DFREX,2015,0.12863450110180216,real estate
DFREX,2016,0.14637581306154177,real estate
DFREX,2017,0.0943080016180271,real estate
DFREX,2018,0.13370331635487487,real estate
DFREX,2019,0.11071231642185404,real estate
DFREX,2020,0.24236244374596477,real estate
DFREX,2021,0.11315748001458789,real estate
DFREX,2022,0.14572707358603873,real estate
DFREX,2023,0.1438699611763365,real estate
DFREX,2024,0.14033988697201943,real estate
DFREX,2025,0.13186444052360607,real estate
DPREX,1999,0.09408917516459986,real estate
DPREX,2000,0.10033266166394604,real estate
DPREX,2001,0.0854852707040383,real estate
DPREX,2002,0.11504846682294388,real estate
DPREX,2003,0.08818002862715314,real estate
DPREX,2004,0.14991412094668577,real estate
DPREX,2005,0.11167139920596116,real estate
DPREX,2006,0.11658820185290346,real estate
DPREX,2007,0.15987352353762038,real estate
DPREX,2008,0.4421306658693145,real estate
DPREX,2009,0.34865870184650094,real estate
DPREX,2010,0.1352947792847722,real estate
DPREX,2011,0.1289170065798432,real estate
DPREX,2012,0.09552181568850067,real estate
DPREX,2013,0.10735632172598834,real estate
DPREX,2014,0.0887826816005213,real estate
DPREX,2015,0.12760708324288067,real estate
DPREX,2016,0.12867904118751422,real estate
DPREX,2017,0.09435583577152477,real estate
DPREX,2018,0.1327816100394681,real estate
DPREX,2019,0.0928773218337398,real estate
DPREX,2020,0.09727784331255679,real estate
DPREX,2021,0.05677374952308532,real estate
DPREX,2022,0.08615524333095181,real estate
DPREX,2023,0.06984225073509683,real estate
DPREX,2024,0.07386337505462323,real estate
DPREX,2025,0.06626553567319747,real estate
FREAX,1999,0.09437734048948676,real estate
FREAX,2000,0.09813711390815179,real estate
FREAX,2001,0.14028662667910077,real estate
FREAX,2002,0.11253156624248074,real estate
FREAX,2003,0.09724535688106772,real estate
FREAX,2004,0.15022296173327496,real estate
FREAX,2005,0.10771216910651044,real estate
FREAX,2006,0.11414131732382195,real estate
FREAX,2007,0.15599642123321536,real estate
FREAX,2008,0.4196546297341494,real estate
FREAX,2009,0.3257290023880397,real estate
FREAX,2010,0.12928424549464282,real estate
FREAX,2011,0.12728759730130645,real estate
FREAX,2012,0.09066731508510886,real estate
FREAX,2013,0.1075732846120298,real estate
FREAX,2014,0.08476931882077174,real estate
FREAX,2015,0.12305832413432055,real estate
FREAX,2016,0.13165222934105264,real estate
FREAX,2017,0.09057119554190468,real estate
FREAX,2018,0.13271271290055184,real estate
FREAX,2019,0.11143825473005843,real estate
FREAX,2020,0.1914009072599681,real estate
FREAX,2021,0.11454512496256133,real estate
FREAX,2022,0.14424890111513752,real estate
FREAX,2023,0.14126694045561944,real estate
FREAX,2024,0.13297907205140955,real estate
FREAX,2025,0.1287612832921119,real estate
FRESX,1999,0.10303057903655535,real estate
FRESX,2000,0.10107170317415223,real estate
FRESX,2001,0.08355415481971558,real estate
FRESX,2002,0.11972278811968168,real estate
FRESX,2003,0.08578638931229318,real estate
FRESX,2004,0.14779288552643938,real estate
FRESX,2005,0.11768540264602806,real estate
FRESX,2006,0.11627102313590772,real estate
FRESX,2007,0.16266376678943134,real estate
FRESX,2008,0.4478173663285095,real estate
FRESX,2009,0.3555767918397559,real estate
FRESX,2010,0.13960668622516637,real estate
FRESX,2011,0.1299450146260988,real estate
FRESX,2012,0.09579518607422847,real estate
FRESX,2013,0.11069708488783297,real estate
FRESX,2014,0.09257561967368212,real estate
FRESX,2015,0.12616263341864267,real estate
FRESX,2016,0.13454118675085855,real estate
FRESX,2017,0.09531086739177454,real estate
FRESX,2018,0.13865494025046726,real estate
FRESX,2019,0.11110652363013983,real estate
FRESX,2020,0.20350720940639525,real estate
FRESX,2021,0.11262936916804227,real estate
FRESX,2022,0.1455957172688196,real estate
FRESX,2023,0.13668785669859,real estate
FRESX,2024,0.14125061560530103,real estate
FRESX,2025,0.13341392528352558,real estate
IARAX,1999,0.10207023011008326,real estate
IARAX,2000,0.10133480846317418,real estate
IARAX,2001,0.0841743898814746,real estate
IARAX,2002,0.11666215115490985,real estate
IARAX,2003,0.08744893250823896,real estate
IARAX,2004,0.14401207786365258,real estate
IARAX,2005,0.11124826598472917,real estate
IARAX,2006,0.11131959700129927,real estate
IARAX,2007,0.1567108830913709,real estate
IARAX,2008,0.4314057061520549,real estate
IARAX,2009,0.32125342428671905,real estate
IARAX,2010,0.12637094414553712,real estate
IARAX,2011,0.12138414849452628,real estate
IARAX,2012,0.09105879135288408,real estate
IARAX,2013,0.10382148967235652,real estate
IARAX,2014,0.08096295869595255,real estate
IARAX,2015,0.11617759233116355,real estate
IARAX,2016,0.12311086672816315,real estate
IARAX,2017,0.08747264214393664,real estate
IARAX,2018,0.12700552886962213,real estate
IARAX,2019,0.15269288777387713,real estate
IARAX,2020,0.19451873475069117,real estate
IARAX,2021,0.11266888805523607,real estate
IARAX,2022,0.152558981576439,real estate
IARAX,2023,0.14398295017707394,real estate
IARAX,2024,0.13991463050874542,real estate
IARAX,2025,0.13092456304133648,real estate
PHRAX,1999,0.1098438318764381,real estate
PHRAX,2000,0.099889208343454,real estate
PHRAX,2001,0.08748434993295785,real estate
PHRAX,2002,0.12027457562320717,real estate
PHRAX,2003,0.08864668572962131,real estate
PHRAX,2004,0.15668724886130328,real estate
PHRAX,2005,0.11980035728405933,real estate
PHRAX,2006,0.11878916396249803,real estate
PHRAX,2007,0.1692772399478922,real estate
PHRAX,2008,0.4418191414333962,real estate
PHRAX,2009,0.3405980751485237,real estate
PHRAX,2010,0.13693482072994173,real estate
PHRAX,2011,0.1304871239421831,real estate
PHRAX,2012,0.09582788308238455,real estate
PHRAX,2013,0.11137191619386587,real estate
PHRAX,2014,0.09041042456565952,real estate
PHRAX,2015,0.12613054908156085,real estate
PHRAX,2016,0.13233676797120725,real estate
PHRAX,2017,0.09631611836446964,real estate
PHRAX,2018,0.13964367491875554,real estate
PHRAX,2019,0.11048575387444694,real estate
PHRAX,2020,0.20875187042944093,real estate
PHRAX,2021,0.1187870148202298,real estate
PHRAX,2022,0.1480695925452064,real estate
PHRAX,2023,0.14248282758714545,real estate
PHRAX,2024,0.13768852136314902,real estate
PHRAX,2025,0.12897688697338824,real estate
RPFRX,1999,0.09970356979435428,real estate
RPFRX,2000,0.09924413867165315,real estate
RPFRX,2001,0.08288160081565601,real estate
RPFRX,2002,0.11792709325963881,real estate
RPFRX,2003,0.08711755508921995,real estate
RPFRX,2004,0.14378397182664948,real estate
RPFRX,2005,0.10859794608782107,real estate
RPFRX,2006,0.09876350225345402,real estate
RPFRX,2007,0.12657512748625513,real estate
RPFRX,2008,0.3428296989399701,real estate
RPFRX,2009,0.2601203743622169,real estate
RPFRX,2010,0.10755802693615707,real estate
RPFRX,2011,0.1082965186012603,real estate
RPFRX,2012,0.0821943679249984,real estate
RPFRX,2013,0.10343432300274173,real estate
RPFRX,2014,0.07724456719602152,real estate
RPFRX,2015,0.10711018268672881,real estate
RPFRX,2016,0.11893329159444482,real estate
RPFRX,2017,0.0906402582076567,real estate
RPFRX,2018,0.12698010191525055,real estate
RPFRX,2019,0.10402705735773851,real estate
RPFRX,2020,0.21952486406878272,real estate
RPFRX,2021,0.12035017497252838,real estate
RPFRX,2022,0.14080170935968325,real estate
RPFRX,2023,0.1639962200992664,real estate
RPFRX,2024,0.1435873781156991,real estate
RPFRX,2025,0.13830812890744712,real estate
SOAAX,1999,0.088807709841588,real estate
SOAAX,2000,0.09471521350505889,real estate
SOAAX,2001,0.08112203336685672,real estate
SOAAX,2002,0.12373548305718098,real estate
SOAAX,2003,0.07998473721289326,real estate
SOAAX,2004,0.16006422343552837,real estate
SOAAX,2005,0.11562374682666846,real estate
SOAAX,2006,0.10448433123905122,real estate
SOAAX,2007,0.15946585082335582,real estate
SOAAX,2008,0.4349865942905581,real estate
SOAAX,2009,0.340982022692184,real estate
SOAAX,2010,0.1424125609986712,real estate
SOAAX,2011,0.12938278396349037,real estate
SOAAX,2012,0.09558644354442693,real estate
SOAAX,2013,0.09492439641623716,real estate
SOAAX,2014,0.08138147608346184,real estate
SOAAX,2015,0.11204834969891964,real estate
SOAAX,2016,0.11962620397056127,real estate
SOAAX,2017,0.08435806455482434,real estate
SOAAX,2018,0.12470538727216096,real estate
SOAAX,2019,0.09914462419701225,real estate
SOAAX,2020,0.18252347325071494,real estate
SOAAX,2021,0.11197493249482855,real estate
SOAAX,2022,0.13787479497533878,real estate
SOAAX,2023,0.13623214566094563,real estate
SOAAX,2024,0.13098172717375522,real estate
SOAAX,2025,0.1229054154010882,real estate
SPY,1999,7.295920722536886e-06,real estate
SPY,2000,7.919289927774363e-06,real estate
SPY,2001,7.122641856693431e-06,real estate
SPY,2002,8.58067931814203e-06,real estate
SPY,2003,8.64934192944911e-06,real estate
SPY,2004,7.650076521510294e-06,real estate
SPY,2005,6.157244905375693e-06,real estate
SPY,2006,5.838773460298096e-06,real estate
SPY,2007,6.776067706460308e-06,real estate
SPY,2008,6.183331002242675e-06,real estate
SPY,2009,6.491415219928968e-06,real estate
SPY,2010,5.430407568406071e-06,real estate
SPY,2011,4.790213669406377e-06,real estate
SPY,2012,5.544198958431018e-06,real estate
SPY,2013,6.24315814547322e-06,real estate
SPY,2014,5.343786278397521e-06,real estate
SPY,2015,4.824160114454516e-06,real estate
SPY,2016,4.808953814569827e-06,real estate
SPY,2017,3.4974083905991817e-06,real estate
SPY,2018,4.696512670229357e-06,real estate
SPY,2019,4.484753849945574e-06,real estate
SPY,2020,4.466574530142402e-06,real estate
SPY,2021,3.128869266939762e-06,real estate
SPY,2022,2.5187519170785e-06,real estate
SPY,2023,2.1429306540481914e-06,real estate
SPY,2024,2.3402841043441078e-06,real estate
SPY,2025,1.529883074361443e-06,real estate
STMDX,1999,0.0828952400805066,real estate
STMDX,2000,0.0947062439462127,real estate
STMDX,2001,0.0866152192601339,real estate
STMDX,2002,0.12895161896652033,real estate
STMDX,2003,0.08352511133881907,real estate
STMDX,2004,0.15941587798395995,real estate
STMDX,2005,0.11229029191194662,real estate
STMDX,2006,0.09840642660238452,real estate
STMDX,2007,0.13537778666685088,real estate
STMDX,2008,0.40902290924454626,real estate
STMDX,2009,0.2968442119010217,real estate
STMDX,2010,0.12720730886296278,real estate
STMDX,2011,0.12344381614681728,real estate
STMDX,2012,0.08854414914308067,real estate
STMDX,2013,0.10513157849432116,real estate
STMDX,2014,0.11896423362330945,real estate
STMDX,2015,0.11605818253671973,real estate
STMDX,2016,0.1291876914136901,real estate
STMDX,2017,0.0907704750671498,real estate
STMDX,2018,0.12949535087034975,real estate
STMDX,2019,0.10967251113593468,real estate
STMDX,2020,0.18588907805235605,real estate
STMDX,2021,0.11268616634163926,real estate
STMDX,2022,0.14758244447369653,real estate
STMDX,2023,0.1425516445225718,real estate
STMDX,2024,0.13613807598787092,real estate
STMDX,2025,0.13065170567897944,real estate
TRREX,1999,0.10107411630950748,real estate
TRREX,2000,0.10300167716336903,real estate
TRREX,2001,0.08734497911049943,real estate
TRREX,2002,0.12108747388211656,real estate
TRREX,2003,0.08972169589127829,real estate
TRREX,2004,0.15601064853771862,real estate
TRREX,2005,0.11780676362585872,real estate
TRREX,2006,0.11474415631077624,real estate
TRREX,2007,0.1561994145210905,real estate
TRREX,2008,0.4365553445563679,real estate
TRREX,2009,0.31798966900977843,real estate
TRREX,2010,0.13417716476333047,real estate
TRREX,2011,0.11977341689987173,real estate
TRREX,2012,0.08796589152085992,real estate
TRREX,2013,0.09953874351738667,real estate
TRREX,2014,0.08272717031252262,real estate
TRREX,2015,0.1193508323082957,real estate
TRREX,2016,0.11845067988144929,real estate
TRREX,2017,0.09819698664219018,real estate
TRREX,2018,0.13359602749879051,real estate
TRREX,2019,0.1048904500152807,real estate
TRREX,2020,0.23535951608981834,real estate
TRREX,2021,0.1219690478404876,real estate
TRREX,2022,0.14399818771960995,real estate
TRREX,2023,0.1424219510286899,real estate
TRREX,2024,0.14098891423844728,real estate
TRREX,2025,0.13604472452955862,real estate
